-- phpMyAdmin SQL Dump
-- version 5.2.0
-- https://www.phpmyadmin.net/
--
-- Hôte : localhost:8889
-- Généré le : jeu. 18 jan. 2024 à 18:00
-- Version du serveur : 5.7.39
-- Version de PHP : 7.4.33

SET SQL_MODE = "NO_AUTO_VALUE_ON_ZERO";
START TRANSACTION;
SET time_zone = "+00:00";


/*!40101 SET @OLD_CHARACTER_SET_CLIENT=@@CHARACTER_SET_CLIENT */;
/*!40101 SET @OLD_CHARACTER_SET_RESULTS=@@CHARACTER_SET_RESULTS */;
/*!40101 SET @OLD_COLLATION_CONNECTION=@@COLLATION_CONNECTION */;
/*!40101 SET NAMES utf8mb4 */;

--
-- Base de données : `espace_membre`
--

-- --------------------------------------------------------

--
-- Structure de la table `donneecrous`
--

CREATE TABLE `donneecrous` (
  `ID` int(11) NOT NULL,
  `Adresse` varchar(154) DEFAULT NULL,
  `NumeroTelephone` varchar(16) DEFAULT NULL,
  `AdresseEmail` varchar(66) DEFAULT NULL
) ENGINE=InnoDB DEFAULT CHARSET=utf8;

--
-- Déchargement des données de la table `donneecrous`
--

INSERT INTO `donneecrous` (`ID`, `Adresse`, `NumeroTelephone`, `AdresseEmail`) VALUES
(1, 'Resto U\' Etoile 39 avenue du professeur Charles Foulon  35700 RENNES', '', 'ru.beaulieu@crous-rennes.fr'),
(2, 'Resto U\' Tohannic 9 rue André Lwoff 56000 Vannes', '02 97 46 09 08', 'ru.vannes@crous-rennes.fr'),
(3, 'Resto U\' Lanveur 37, rue de Lanveur  56100 LORIENT', '02 97 87 17 57', 'ant.lorient@crous-rennes.fr'),
(4, 'Resto U\' Branly Rue Edouard Branly BP 80242  22302 LANNION cedex', '02 96 48 43 31', 'ant.lannionbranly@crous-rennes.fr'),
(5, 'Crous Market\' Tohannic 9 rue André Lwoff 56000 Vannes', '02 97 46 09 08', 'ru.vannes@crous-rennes.fr'),
(6, 'Crous Market\' Etoile 39 avenue du professeur Charles Foulon, RENNES ,', '', ''),
(7, 'Resto U Pôle santé 51 Rue Cognacq-Jay, 51100 Reims ,', '', ''),
(8, 'Resto U Les Courtines 6 rue de la Petite Courtine, 10000 Troyes ,', '', ''),
(9, 'Cafet Sciences Campus du Moulin de la Housse, 51100 Reims ,', '', ''),
(10, 'Cafétéria Le QG 16 place Léonard de Vinci - 10430 Rosières-Près-Troyes ,', '', ''),
(11, 'Libre-service Dauphine  2 boulevard Lannes 75116 Paris ,', '', ''),
(12, 'RU Cuvier 4 place Jussieu 75005 Paris ,', '', ''),
(13, 'Brasserie l\'Ardoise 4 Place de Jussieu 75005 Paris ,', '', ''),
(14, 'RU Dauphine 2 boulevard Lannes 75116 Paris ,', '', ''),
(15, 'Le Mab\' Café 12 rue Clément 75006 Paris ,', '', ''),
(16, 'Cafétéria l\'Atrium 2 place Jussieu 75005 Paris ,', '', ''),
(17, 'Libre-service Grands Moulins 14 esplanade Pierre Vidal Naquet 75013 Paris ,', '', ''),
(18, 'Cafétéria Panthéon 12 place du Panthéon 75005 Paris ,', '', ''),
(19, 'Cafétéria Pierre Mendès France 31 Rue Baudricourt, 75013 Paris ,', '', ''),
(20, 'Cafétéria Pitié 105 boulevard de l\'Hôpital 75013 Paris ,', '', ''),
(21, 'Cafétéria Saints-Pères 45 rue des Saints-Pères 75006 Paris ,', '', ''),
(22, 'Cafétéria Saint-Thomas 1 Place Saint-Thomas d\'Aquin, 75007 Paris ,', '', ''),
(23, 'Cafétéria de l\'institut de Boulogne 71 avenue Edouard Vaillant 92100 Boulogne ,', '', ''),
(24, 'Cafétéria IUT de Paris - Rive de Seine 143 avenue de Versailles 75016 Paris ,', '', ''),
(25, 'Libre-service Mazet 5 rue André Mazet, 75006 Paris ,', '', ''),
(26, 'Cafétéria Le Cujas - ASSAS 92 rue d\'Assas 75006 Paris ,', '', ''),
(27, 'RU Clignancourt  17 rue Francis de Croisset, 75018 Paris ,', '', ''),
(28, 'La Rochelle RU REPUBLIQUE VAE ,', '', ''),
(29, 'Guichet Ru Champlain Rez de chaussée du Restaurant Universitaire Champlain - 9 rue Théodore Lefebvre - Bâtiment A7 - 86000 POITIERS', '05.49.38.00.02', 'direction.ru.rabelais@crous-poitiers.fr'),
(30, 'Restaurant GEMINI 8 avenue Blaise Pascal BP 90176 86960 FUTUROSCOPE CHASSENEUIL', '05.49.49.85.01', 'restaurant.gemini@crous-poitiers.fr'),
(31, 'R.U Rabelais 5 rue de la Devinière - Bâtiment B11 - 86000 POITIERS', '05.49.44.53.05', 'direction.ru.rabelais@crous-poitiers.fr'),
(32, 'Cafétéria Thémis 2 allée Jeanne Chauvin - Bâtiment A1 - 86000 POITIERS', '05.49.03.36.04', 'direction.ru.rabelais@crous-poitiers.fr'),
(33, 'Niort RU LE MARAIS 10 avenue de Wellingborough BP 3045 79012 NIORT', '05.46.45.08.08', 'restaurant.republique@crous-poitiers.fr'),
(34, 'Niort RU LE MARAIS CAFETERIA 10 avenue wellingborough, 79000 Niort', '05 46 45 08 08', 'restaurant.republique@crous-poitiers.fr'),
(35, 'Cafétéria Ferry 14 avenue Jules Ferry - 13100 Aix-en-Provence ,', '', ''),
(36, 'Cafétéria IAE Clos Guiot - Puyricard - CS 30063 13089 Aix-en-Provence cedex 2', '', ''),
(37, 'Cafétéria Le Galice rue Jean Dalmas - 13100 Aix-en-Provence ,', '', ''),
(38, 'Cafétéria Paul Cézanne Avenue Escadrille Normandie Niemen - 13013 Marseille', '', ''),
(39, 'Cafétéria Sainte-Marthe 74 rue Louis Pasteur - 84000 Avignon', '', ''),
(40, 'Cafétéria École Centrale Chemin de la Grave - 13013 Marseille', '', ''),
(41, 'Restaurant du Jeu de Paume 52 bd St-André, 60000 BEAUVAIS', '03.22.71.91.04', 'ru.jeudepaume@crous-amiens.fr'),
(42, 'Restaurant UniLaSalle Beauvais rue Pierre Waguet, 60000 BEAUVAIS', '03.44.06.93.32', 'ru.iplb@crous-amiens.fr'),
(43, 'Cafétéria de l\'ESCOM 1 allée du réseau Jean-Marie Buckmaster, 60200 Compiègne', '03.22.71.91.49', 'ru.pab.secretariat@crous-amiens.fr'),
(44, 'L\'annexe de la Citadelle 12 place d\'Armes - La Citadelle, 80000 AMIENS', '03.22.71.24.87', 'ru.amiens-centre.secretariat@crous-amiens.fr'),
(45, 'Foodtruck  avenue des Facultés, SALOUEL', '03.22.71.91.50', 'ru.amiens-sud.secretariat@crous-amiens.fr'),
(46, 'Cafétéria PAB Le Comptoir Rue du Port à Bateaux, 60200 Compiègne', '03.22.71.91.49', 'ru.pab.secretariat@crous-amiens.fr'),
(47, 'Cafétéria de la Veillère petite rue de la Veillère, 80000 AMIENS', '03.22.71.24.87', 'ru.amiens-centre.secretariat@crous-amiens.fr'),
(48, 'Crous Market\' La Soucoupe Université de Bordeaux  351, cours de la Libération 33400 TALENCE cedex', '', ''),
(49, 'Resto U\' l\'Entracte 47 rue Jean Secret 24000 PERIGUEUX', '', ''),
(50, 'Crous Cafet\' la Péniche 4 quai de Dunkerque 47000 AGEN', '', ''),
(51, 'Resto U\' la Vague Avenue de l\'Université 64000 PAU', '', ''),
(52, 'Resto U\' Pierre Bidart 55 rue de Mirambeau à Anglet', '05 59 01 40 10', 'restauration.cote-basque@crous-bordeaux.fr'),
(53, 'Crous Cafet\' Le Sirtaki  23 esplanade des Antilles à Pessac', '05.57.96.76.77', 'ru-sirtaki@crous-bordeaux.fr'),
(54, 'Resto U\' le Mascaret 50-60 rue Albert Marquet 33000 Bordeaux', '', ''),
(55, 'Crous Market\' BUST 1 Allée Baudrimont Bât. B20, 33400 Talence ,', '', ''),
(56, 'SALON DE JAUDE (restaurant) 11 Boulevard Charles de Gaulle', '0473344428', 'restaurant-dolet@crous-clermont.fr'),
(57, 'RESTO U\' REST\'OCEZO Campus des Cézeaux 63170 Aubière', '04 73 28 89 50', 'restaurant-cezeaux@crous-clermont.fr'),
(58, 'RESTO U\' RAPID\'OCEZO Campus des Cézeaux 63170 Aubière', '04 73 28 89 50', 'restaurant-cezeaux@crous-clermont.fr'),
(59, 'CAFETERIA LA VERANDA Restaurant universitaire - Campus des Cézeaux 63170 Aubière', '04 73 28 89 50', 'restaurant-cezeaux@crous-clermont.fr'),
(60, 'KIOSQUE SABOURIN 85 rue du Docteur Bousquet 63000 Clermont Ferrand', '0473288950', 'restaurant-cezeaux@crous-clermont.fr'),
(61, 'Café Littéraire 1361 rue des résidences 38400 Saint martin d\'heres ,', '', ''),
(62, 'Cafétéria UFRAPS Domaine Universitaire 1741 rue de la piscine 38406 St Martin d\'Hères ,', '', ''),
(63, 'RU Condillac 115, allée Condillac 38400 St Martin d\'Hères', '', ''),
(64, 'Café des Sciences  1001 Avenue Centrale, 38400 Saint-Martin-d\'Hères, France ,', '', ''),
(65, 'Cafétéria Polytech\'Grenoble 28 avenue Benoît Frachon 38400 Saint Martin d\'Hères ,', '', ''),
(66, 'Cafétéria Hélice Avenue du lac d\'annecy 73370 le Bourget du Lac ,', '', ''),
(67, 'RU Green 21 Avenue des Martyrs 38000 Grenoble ,', '', ''),
(68, 'Cafétéria POLYTECH Bourget 2 rue du Lac Baïkal 73370 Le Bourget du Lac ,', '', ''),
(69, 'Cafétéria 3.14 2 Avenue Jean Perrin 59650 Villeneuve-d\'Ascq', '03 74 09 12 54', 'restaurant.sully@crous-lille.fr'),
(70, 'Cafétéria du R.U. Boulogne 46 rue du Vivier , 62200 BOULOGNE SUR MER', '03 59 61 70 20', 'restaurant.boulogne@crous-lille.fr'),
(71, 'R.U. de Douai 95 rue de Lens, 59500 DOUAI', '03 59 61 70 34', 'restaurant.douai@crous-lille.fr'),
(72, 'R.U. de Lens 34 rue de Jean Souvraz , 62300 LENS', '03 59 61 70 31', 'restaurant.lens@crous-lille.fr'),
(73, 'Brasserie La Basoche (Lille Moulins) Rue de Fontenoy , 59000 LILLE', '03.74.09.13.13', 'restaurant.chatelet@crous-lille.fr'),
(74, 'R.U. L\'Epi (Lille CHR) Rue Ambroise Paré , 59120 LOOS', '03 59 61 70 09', 'restaurant.lepi@crous-lille.fr'),
(75, 'Cafeteria IUT (valenciennes) Rue des cent tetes , 59300 VALENCIENNES', '03 59 61 70 55', 'restaurant.monthouy1@crous-lille.fr'),
(76, 'Cafeteria Mousseron Residence universitaire Jules Mousseron - Rue du chemin vert 59300 AULNOY LEZ VALENCIENNES', '03 59 61 70 49', 'restaurant.monthouy1@crous-lille.fr'),
(77, 'Cafeteria IUT B (Tourcoing) 49 rue Sainte Barbe , 59200 TOURCOING', '03 74 09 11 89', 'restaurant.botanique@crous-lille.fr'),
(78, 'Cafétéria du Mont Houy 1 Campus universitaire Le Mont Houy , 59300 AULNOY LEZ VALENCIENNES', '03 59 61 70 61', 'restaurant.monthouy1@crous-lille.fr'),
(79, 'Sandwicherie de Flers (Lille III) 2 rue du Barreau , 59650 VILLENEUVE D\'ASCQ', '03 74 09 11 71', 'restaurant.flers@crous-lille.fr'),
(80, 'Foodtruck Pâtes/Pizzas avenue carl von linné Villeneuve d\'Ascq ,', '', ''),
(81, 'Foodtruck friterie avenue carl von linné Villeneuve d\'Ascq', '', 'restaurant.sully@crous-lille.fr'),
(82, 'RU Les Vergers Avenue J.B. Clément - 93430 Villetaneuse', '', 'restaurant.villetaneuse@crous-creteil.fr'),
(83, 'Cafétéria de L\'IUT de Saint-Denis Place du 8 mai 1945 - 93200 Saint-Denis', '', 'restaurant.saint-denis@crous-creteil.fr'),
(84, 'RU L\'Agora Créteil 5 rue André Boulle 94000 Créteil', '', 'restaurant.creteil@crous-creteil.fr'),
(85, 'RU Le Pont de Pierre 74 rue Marcel Cachin - 93000 Bobigny', '', 'restaurant.bobigny@crous-creteil.fr'),
(86, 'Cafétéria Le Pont de Pierre 74 rue Marcel Cachin - 93000 Bobigny', '', 'restaurant.bobigny@crous-creteil.fr'),
(87, 'Cafétéria et Libre-service L\'Illustration 74 rue Marcel Cachin - 93000 Bobigny', '', 'restaurant.bobigny@crous-creteil.fr'),
(88, 'RU EFREI Villejuif 30/32 avenue de la République 94800 Villejuif', '', 'restaurant.kremlin@crous-creteil.fr'),
(89, 'RU L\'Arlequin Sénart Avenue Pierre Point - 77127 Lieusaint', '', 'restaurant.lieusaint@crous-creteil.fr'),
(90, 'Libre-service du Hurtault (IUT Fontainebleau) Route de Hurtault - 77300 Fontainebleau', '', 'restaurant.fontainebleau@crous-creteil.fr'),
(91, 'Coffee Corner L\'Aparté 61 av. du Général de Gaulle - 94000 Créteil', '', 'restaurant.creteil@crous-creteil.fr'),
(92, 'Resto U\' Cap Sud 2 avenue Poplawski à PAU', '', ''),
(93, 'Crous Market\' du DUSA Avenue Michel Serres ,', '', ''),
(94, 'Resto U\' n° 11 avenue Pey berland 33600 Pessac', '05.56.80.67.55', 'ru2@crous-bordeaux.fr'),
(95, 'RESTO U\'  LE CRATERE 26 avenue Léon-Blum 63000 Clermont-Ferrand', '04 73 34 44 28', 'restaurant-dolet@crous-clermont.fr'),
(96, 'RESTO U\' AURILLAC 25 rue de l\'École Normale 15000 Aurillac', '04 73 43 72 10', 'restaurant-aurillac@crous-clermont.fr'),
(97, 'CROUS & GO LE MANEGE 11 rue d\'Amboise 63000 Clermont-Ferrand', '04 73 43 72 59', 'restaurant-dolet@crous-clermont.fr'),
(98, 'Cafétéria UFR SJE Campus de fouillole - UFR SJE', '0590894648', 'resto-fouillole@crous-antillesguyane.fr'),
(99, 'Restaurant universitaire de Schoelcher Campus de Schoelcher', '0596615355', 'resto-schoelcher@crous-antillesguyane.fr'),
(100, 'Market\' Boudonville 61 rue de Boudonville, 54000 Nancy ,', '', ''),
(101, 'Resto U\' Cours Léopold 16, Cours Léopold 54000 NANCY', '', ''),
(102, 'Resto U\' Technopôle 4, boulevard Arago 57070 METZ Cedex', '', ''),
(103, 'Resto U\' Jean Monnet 8, avenue du Bivaque 54405 LONGWY', '', ''),
(104, 'Resto U\' Cormontaigne Impasse Louis de Broglie 57970 YUTZ', '', ''),
(105, 'Resto U\' Pierre-Jakez Hélias 18, av. de la Plage des Gueux  29000 Quimper', '02 90 94 47 91', 'ant.quimper@crous-rennes.fr'),
(106, 'Resto U\' St-Malo 3 bis rue Henri Lemarié, BP 50813, Saint-Malo', '02 23 18 11 37', 'ru.stmalo@crous-rennes.fr'),
(107, 'Resto U\' Ker Lann Campus de Ker Lann', '02 99 05 06 30', 'ru.bruz@crous-rennes.fr'),
(108, 'Crous Market\' IUT - Clos Courtel Rue du Clos Courtel 35700 Rennes', '', ''),
(109, 'Resto U\' Centre 7 avenue foch 29200 Brest', '02 98 01 69 15', 'ru.centre@crous-rennes.fr'),
(110, 'Crous Market\' Métronome Avenue de la Bataille Flandres-Dunkerque, Rennes ,', '', ''),
(111, 'Cafétéria Le Croustillant Avenue René Cassin Sainte-Clotilde 97490', '', 'restauration.nord@crous-reunion.fr'),
(112, 'RU de l\'IUT de Saint Pierre', '02.62.73.37.74', 'restauration.sud@crous-reunion.fr'),
(113, 'Cafétéria de l\'IAE ,', '', ''),
(114, 'Resto U Les Lombards 28 Place Léonard de VINCI, Rosières-Près-Troyes', '', ''),
(115, 'Resto U Jean-Charles Prost Rue Rilly la Montagne, 51100 Reims', '03.26.08.04.80', 'jcp@crous-reims.fr'),
(116, 'Resto U Moulin de la Housse 4 chemin des Rouliers, 51100 Reims', '03.26.85.30.18', 'mho@crous-reims.fr'),
(117, 'Cafet Evariste Galois 2 chemin des Rouliers, 51100 REIMS ,', '', ''),
(118, 'Cafet\' Boutonnet 2 rue Emile Duployé - 34000 Montpellier', '06 23 90 66 83', 'ru.boutonnet@crous-montpellier.fr'),
(119, 'Resto U\' Du Guesclin 3 rue de l\'école des Andelys', '', ''),
(120, 'Resto U\' Triolet 1061 rue du Professeur Anglada - 34090 Montpellier', '04 67 63 50 16', 'ru.triolet@crous-montpellier.fr'),
(121, 'Cafet\' FDE 2 place Marcel Godechot - 34090 Montpellier', '', ''),
(122, 'Cafet\' Carmes Place Gabriel Péri - 30000 Nîmes', '', ''),
(123, 'Cafet\' Médecine Avenue du doyen Gaston Giraud', '06 76 60 86 01', 'ru.triolet@crous-montpellier.fr'),
(124, 'Cafet\' Paul Valéry (UM3) Route de Mende - 34100 Montpellier', '', ''),
(125, 'Brasserie Le Graella 54 avenue Paul Alduy - 66000 Perpignan', '04 68 50 37 94', 'ru.perpignan@crous-montpellier.fr'),
(126, '(S)pace Artem Rue Michel Dinet, 54000 NANCY', '', ''),
(127, 'Resto U\' Saurupt 22 rue de Saurupt 54000 Nancy', '', ''),
(128, 'Cafétéria IUGA - Géographie 14 avenue Marie Reynoard 38 000 Grenoble ,', '', ''),
(129, 'RU d\'Arsonval (fermé actuellement)\\t 5 rue d\'Arsonval 38000 Grenoble', '', ''),
(130, 'Brasserie Latour-Maubourg 3 place Latour Maubourg  26000 Valence ,', '', ''),
(131, 'K\'fet du DLST 480 avenue Centrale Domaine Universitaire 38400 St Martin d\'Hères ,', '', ''),
(132, 'RU de Jacob-Bellecombette Restaurant universitaire Jacob-Bellecombette   Rue Robert  Barr 73 000 Jacob-Bellecombette', '', ''),
(133, 'RU d\'Annecy 3, chemin de Bellevue 74940 Annecy Le Vieux', '', ''),
(134, 'Cafétéria Polytech Annecy 2 Allée Louis de Broglie ,', '', ''),
(135, 'Libre-service l\'Intermezzo 237, avenue centrale, 38400 Saint-Martin-d\'Hères ,', '', ''),
(136, 'RU l\'Intermezzo 237, avenue centrale, 38400 Saint-Martin-d\'Hères ,', '', ''),
(137, 'L\'Oiseau Blanc 40 rue des universités 38400 Saint-Martin-d\'Hères', '04 76 82 40 80', 'oiseau.blanc@crous-grenoble.fr'),
(138, 'Crous Truck Rabelais ,', '', ''),
(139, 'R.U. de la Mi-Voix (Calais) 275 rue du Pasteur Martin Luther King , 62100 CALAIS', '03 74 09 12 41', 'restaurant.calais@crous-lille.fr'),
(140, 'R.U. de Dunkerque 1 place des Nations , 59140 DUNKERQUE', '03 74 09 12 81', 'restaurant.dunkerque@crous-lille.fr'),
(141, 'R.U. Les Botaniques 49 rue Sainte Barbe , 59200 TOURCOING', '03 74 09 11 89', 'restaurant.botanique@crous-lille.fr'),
(142, 'R.U. Mont Houy 2 Campus universitaire Le Mont Houy , 59300 AULNOY LEZ VALENCIENNES', '03 59 61 70 67', 'restaurant.monthouy2@crous-lille.fr'),
(143, 'R.U. Flers (Lille III) 2 rue du Barreau , 59650 VILLENEUVE D\'ASCQ', '03 74 09 11 71', 'restaurant.flers@crous-lille.fr'),
(144, 'Cafeteria du R.U. Schweitzer (Bethune) 1326 rue de l\'Universite , 62400 BETHUNE', '03.74.09.12.89', 'restaurant.schweitzer@crous-lille.fr'),
(145, 'Cafeteria du R.U. de Lens 34 rue de Jean Souvraz , 62300 LENS', '03 59 61 70 31', 'restaurant.lens@crous-lille.fr'),
(146, 'Le Tout frais léger (Pont de Bois) 2 rue du Barreau , 59650 VILLENEUVE D\'ASCQ', '03 74 09 11 71', 'restaurant.flers@crous-lille.fr'),
(147, 'Cafeteria du SN 1 (Lille I) Avenue Paul Langevin - Cite Scientifique , 59650 VILLENEUVE D\'ASCQ', '03 74 09 12 67', 'restaurant.sully@crous-lille.fr'),
(148, 'Cafeteria du SUP  Avenue Paul Langevin - Cite Scientifique , 59650 VILLENEUVE D\'ASCQ', '03 74 09 12 68', 'restaurant.sully@crous-lille.fr'),
(149, 'IAE LEA 651 avenue des Nations Unies', '', 'antenne.roubaix@crous-lille.fr'),
(150, 'cabaret du sully avenue paul langevin 59650 villeneuve d\'ascq', '0374091265', 'restaurant.sully@crous-lille.fr'),
(151, 'Resto U\' Gallia 1 place de l\'Université 67000 Strasbourg', '', ''),
(152, 'Learning Center 3 rue des Frères Lumière - Mulhouse ,', '', ''),
(153, 'Cafétéria Le Cardo 7 Rue de l\'Écarlate, 67000 Strasbourg ,', '', ''),
(154, 'Resto U\' Cronenbourg 23 rue du Loess 67200 Strasbourg', '03 88 15 60 80', 'utiliser le formulaire de contact'),
(155, 'Cafétéria Le PEGE 61 avenue de la Forêt Noire - 67000 Strasbourg ,', '', ''),
(156, 'Resto U\' de Colmar 34 rue du Grillenbreit 68000  Colmar', '', ''),
(157, 'Le Cristal Shop (RU Esplanade) 32 boulevard de la Victoire 67000 Strasbourg ,', '', ''),
(158, 'Cafétéria Mini R 23 rue du Loess 67200  Strasbourg ,', '', ''),
(159, 'Resto U\' Auch 7 chemin de Landon, 32000 Auch', '05 62 59 82 42', 'restaurant.auch@crous-toulouse.fr'),
(160, 'Cafet\' Auch 7 chemin de Landon, 32000 Auch', '05 62 59 82 42', 'restaurant.auch@crous-toulouse.fr'),
(161, 'Resto U\' Labège 6 Allée Emile Monso 31029 Toulouse', '05 62 25 62 32', 'restaurant.labege@crous-toulouse.fr'),
(162, 'Resto U\' Insa 135 avenue de Rangueil, 31077 Toulouse', '05 61 55 96 19', 'restaurant.insa@crous-toulouse.fr'),
(163, 'Resto U\' Médecine 133 Route de Narbonne, 31070 Toulouse', '05 62 25 62 25', 'restaurant.rangueil3@crous-toulouse.fr'),
(164, 'Cafet\' Le Théorème 118 Route de Narbonne 31077 Toulouse', '05 62 25 62 09', 'restaurant.rangueil@crous-toulouse.fr'),
(165, 'Moovy Market', '', 'restaurant.rangueil2@crous-toulouse.fr'),
(166, 'KIOSQUE ENSIL Ester Technopole 16 rue Atlantis 87000 LIMOGES', '05 55 43 26 12', 'resto-u.menot@crous-limoges.fr'),
(167, 'RU La Borie 185 avenue Albert Thomas 87065 LIMOGES', '05 55 45 26 42', 'resto-u.laborie@crous-limoges.fr'),
(168, 'Cafétéria Carnot 23 place Carnot - 69002 Lyon', '04 26 84 52 30', 'prestations.carnot@crous-lyon.fr'),
(169, 'Cafétéria Cybercafé IUT Gratte-Ciel 17 rue de France - 69100 Villeurbanne', '04 78 03 53 48', 'restaurant.iut-gratteciel@crous-lyon.fr'),
(170, 'Cafétéria Saint-Paul 10 Place des Archives - 69002 Lyon', '04 72 32 51 01', 'prestations.st-paul@crous-lyon.fr'),
(171, 'Restaurant Monod 46 allée d\'Italie - 69007 Lyon', '04 72 72 80 40', 'restaurant.ens@crous-lyon.fr'),
(172, 'Restaurant IUT Gratte-Ciel 17 rue de France - 69100 Villeurbanne', '04 78 03 53 48', 'restaurant.iut-gratteciel@crous-lyon.fr'),
(173, 'Cafétéria Tréfilerie à Saint-Étienne 31 bis, rue du 11 Novembre - 42100 Saint-Étienne', '04 77 37 44 52', 'restaurant.saint-etienne@crous-lyon.fr'),
(174, 'Restaurant Métare à Saint-Étienne 25 boulevard Paul Michelon - 42023 Saint-Étienne Cedex 02', '04 77 30 33 00', 'restaurant.saint-etienne@crous-lyon.fr'),
(175, 'Cafétéria Le Corner  1 rue du Professeur Charles Appleton - 69 007 Lyon', '', ''),
(176, 'Cafétéria IUT EVREUX 55 rue Saint Germain, 27000 Evreux', '', ''),
(177, 'Restaurant Claude BLOCH rue claude bloch, 14000 caen', '02.31.56.63.50', 'ru.campus1@crous-normandie.fr'),
(178, 'Cafétéria MDE ALENCON Site universitaire Entrée Nord - 61250 Damigny', '', 'ru.alencon@crous-normandie.fr'),
(179, 'Cafétéria L\'EXPRESS Rue Lavoisier - 76130 Mont Saint Aignan', '', ''),
(180, 'Restaurant IFS 3 boulevard Yitzhak Rabin - 14123 IFS', '02 31 52 55 81', 'ru.campus1@crous-normandie.fr'),
(181, 'Cafétéria LA PARENTHESE Esplanade de la Paix 14000 Caen', '02 31 56 63 50', 'ru.campus1@crous-normandie.fr'),
(182, 'Libre-service Lavoisier Express Bât LAVOISIER du site dit du Bois de l\'Etang - Rue Galilée - 77420 Champs-sur-Marne', '', 'restaurant.champs-sur-marne@crous-creteil.fr'),
(183, 'RU L\'Allée Verte Place du 8 mai 1945 - 93200 Saint-Denis', '', 'restaurant.saint-denis@crous-creteil.fr'),
(184, 'L\'Atelier 60 rue Camille Desmoulins 94234 Cachan', '0141983980', 'restaurant.cachan@crous-creteil.fr'),
(185, 'Brasserie du Mail des Mèches  Rue de la porte des champs 94000 Créteil', '', 'restaurant.creteil@crous-creteil.fr'),
(186, 'Libre-service de L\'Agora 5 rue André Boulle 94000 Créteil', '', 'restaurant.creteil@crous-creteil.fr'),
(187, 'Cafétéria L\'Équinoxe 60 rue Camille Desmoulins - 94234 Cachan Cedex', '', 'restaurant.cachan@crous-creteil.fr'),
(188, 'Cafétéria de L\'ESTP 28 avenue du Président Wilson - 94234 Cachan cedex', '', 'restaurant.cachan@crous-creteil.fr'),
(189, 'Snaking Mariani 22, Avenue Jean Nicoli ,', '', ''),
(190, 'Cafétéria I.U.T Campus Grimaldi ,', '', ''),
(191, 'RU Les Chênes 33, boulevard du Port - 95011 Cergy-Pontoise', '', ''),
(192, 'RU La Coulée Verte 54, boulevard Desgranges - 92330 Sceaux', '', ''),
(193, 'Cafétéria de Gennevilliers 1, avenue Marcel Paul - 92230 Gennevilliers ,', '', ''),
(194, 'Cafétéria Les Chênes 1 33 Boulevard du Port 95011 Cergy-Pontoise', '', ''),
(195, 'Brasserie La Ruche 9 bis, rue Joliot-Curie - 91190 Gif-sur-Yvette ,', '', ''),
(196, 'Cafeteria Monseigneur Roméro Bât. 1ers cycles 15, rue André Lalande - 91000 Evry', '', ''),
(197, 'Cafétéria Les Sciences Bâtiment Maupertuis, 3 rue du Père André Jarlan - 91000 Evry', '', ''),
(198, 'Cafétéria L\'Amphi Bâtiment 332 - 91440 Bures-sur-Yvette', '', ''),
(199, 'RU CentraleSupélec Eiffel 8, rue Joliot Curie - 91190 Gif-sur-Yvette', '', ''),
(200, 'RU Lieu de Vie  13, bis rue Joliot Curie 91190 Gif-sur-Yvette ,', '', ''),
(201, 'Cafétéria Eiffel  8, rue Joliot Curie, 91190 Gif-sur-Yvette', '', ''),
(202, 'RU Le Tex Mex 1, allée de l\'Université - 92000 Nanterre', '', ''),
(203, 'Cafet\' Gabriel  6 Boulevard Gabriel - 21000 DIJON', '', 'restaurant.mansart@crous-bfc.fr'),
(204, 'Resto U\' & Cafet\' Lumière 42 avenue de l\'Observatoire  25003 Besançon  (Sur le campus)', '03 81 48 45 00', 'pole-restauration-besancon@crous-bfc.fr'),
(205, 'Café International 73 quai Veil Picard, 25000 Besancon', '03.81.48.45.22', 'pole-restauration-besancon@crous-bfc.fr'),
(206, 'Resto U\' Mégevand & Cafet\' Le Croustillant 36 rue Mégevand, 25000 Besancon', '03.81.48.45.33', 'pole-restauration-besancon@crous-bfc.fr'),
(207, 'Resto U\' Vesoul Avenue des Rives du Lac, 70000 Vaivre-et-Montoille', '03 84 75 52 50', 'pole-restauration-besancon@crous-bfc.fr'),
(208, 'Brasserie L\'esplanade 118 route de Narbonne, 31077 Toulouse', '0562256209 / les', 'lesplanade@crous-toulouse.fr'),
(209, 'Brasserie Riquet 2 boulevard Armand Duportal 31000 Toulouse', '05 61 12 55 34', 'brasserie.riquet@crous-toulouse.fr'),
(210, 'Resto U\' Le Célé IUT de Figeac, Avenue de Nayrac, 46100 Figeac', '05 65 50 06 80', 'contact.figeac@crous-toulouse.fr'),
(211, 'Cafet\' Les Oliviers 118 Route de Narbonne, 31077 Toulouse', '05 62 25 62 09', 'restaurant.rangueil@crous-toulouse.fr'),
(212, 'Resto U\' Ensat Avenue de l\'Agrobiopôle, 31326 CASTANET-TOLOSAN', '05 61 12 63 37', 'restaurant.ensat@crous-toulouse.fr'),
(213, 'Resto U\' Envt 23 chemin des capelles, 31300 Toulouse', '05 34 39 06 13', 'restaurant.envt@crous-toulouse.fr'),
(214, 'Resto U\' Le Canal 118 Route de Narbonne, 31077 Toulouse', '05 62 25 62 19', 'restaurant.rangueil2@crous-toulouse.fr'),
(215, 'Resto U\' Tarbes 39 rue Vincent Scotto, 65000 Tarbes', '05 62 44 65 65', 'contact.tarbes@crous-toulouse.fr'),
(216, 'Resto U\' Arum 5, allée Antonio Machado 31058 Toulouse', '05 61 12 55 78', 'restaurant.mirail@crous-toulouse.fr'),
(217, 'Cafet\' Arum 5, allée Antonio Machado 31058 Toulouse', '05 61 12 55 78', 'restaurant.mirail@crous-toulouse.fr'),
(218, 'Cafet\' Médecine 133 Route de Narbonne, 31070 Toulouse', '05 62 25 62 25', 'restaurant.rangueil3@crous-toulouse.fr'),
(219, 'Crous Truck\' Localisation des Crous Truck\' sur crous-toulouse.fr/crous-truck', '05 62 25 62 19', 'restaurant.rangueil2@crous-toulouse.fr'),
(220, 'Resto U\' Inspé 56 avenue de l\'URSS, 31400 Toulouse', '05 62 25 62 25', 'restaurant.espe@crous-toulouse.fr'),
(221, 'Cafet\' La Fleuriaye 2 avenue du Professeur Jean Rouxel - 44470 Carquefou ,', '', ''),
(222, 'Cafet\' IUT Laval 52 rue des Docteurs Calmette et Guérin - 53000 Laval ,', '', ''),
(223, 'Resto U\' La Fleuriaye 2 avenue du Professeur Jean Rouxel - 44470 Carquefou ,', '', ''),
(224, 'Cafet\' IUT Le Mans Boulevard Paul d\'Estournelles de Constant - 72000 Le Mans ,', '', ''),
(225, 'Resto U\' Belle Beille 3 boulevard Lavoisier - 49000 Angers ,', '', ''),
(226, 'Resto U\' Ecole d\'Architecture 6 quai François Mitterand - 44000 Nantes ,', '', ''),
(227, 'Cafet\' Sciences Le Mans 6 boulevard Paul d\'Estournelles de Constant - 72000 Le Mans ,', '', ''),
(228, 'Cafet\' Oniris Géraudière Rue de la Géraudière - 44300 Nantes ,', '', ''),
(229, 'Cafet\' IUT Centre Nantes 3 rue Maréchal Joffre - 44000 Nantes ,', '', ''),
(230, 'Cafet\' Heinlex 62 rue Michel Ange - 44600 Saint Nazaire ,', '', ''),
(231, 'Cafet\' Le Kiosque Rue Recteur Schmitt - 44300 Nantes ,', '', ''),
(232, 'Kiosque Resto U\' Vaurouzé (restauration le soir) 12 boulevard Charles Nicolle - 72000 Le Mans ,', '', ''),
(233, 'Cafet\' Le Croustillant 4 rue Christian Pauc - 44300 Nantes ,', '', ''),
(234, 'Crous(S)pace\'Rabelais Rue Rabelais - 49000 Angers ,', '', ''),
(235, 'Cafet\' Droit Le Mans Avenue Olivier Messiaen - 72000 Le Mans ,', '', ''),
(236, 'Cafet\' Stéphane Hessel Chemin de la Censive du Tertre - 44300 Nantes ,', '', ''),
(237, 'Crous\'Truck ARIFTS Rezé 10 Rue Marion Cahour, 44400 Rezé ,', '', ''),
(238, 'Cafet\' Ferrié Pôle de formation en Santé et Social - Quartier Ferrié - 45 rue du chef de bataillon Henri Géret - 53000 Laval ,', '', ''),
(239, 'Cafétéria de l\'OSUC ,', '', ''),
(240, 'Cafétéria de Médecine 8 bis boulevard Tonnellé 37000 Tours ,', '', ''),
(241, 'RU des Tanneurs 40 rue des Tanneurs 37000 Tours ,', '', ''),
(242, 'RU Tonnellé 8 bis boulevard Tonnellé 37000 Tours ,', '', ''),
(243, 'La K\'fet 55 avenue Jean Portalis 37200 Tours ,', '', ''),
(244, 'RU St Symphorien 25 rue du Pont volant 37000 Tours ,', '', ''),
(245, 'RU Grandmont Avenue Monge 37200 Tours ,', '', ''),
(246, 'Resto U Carlone 80 boulevard Edouard Herriot 06200 Nice', '', ''),
(247, 'Cafétéria Montebello 96 avenue de Valrose 06106 Nice', '', ''),
(248, 'Cafétéria IUT 41 boulevard Napoléon III 06041 Nice', '', ''),
(249, 'Cafétéria Pasteur  28 avenue de Vallombrose 06107 Nice', '', ''),
(250, 'Cafétéria Saint Jean d\'Angély  5 rue du 22ème BCA 06357 Nice', '', ''),
(251, 'Cafétéria Skema  60 avenue Dostoïevski 06902 Sophia Antipolis', '', ''),
(252, 'Chalet Montebello (entrée campus Valrose) 96 avenue de Valrose 06106 Nice', '', ''),
(253, 'Cafétéria Nice centre 5 avenue Robert Schuman 06000 Nice', '', ''),
(254, 'Restaurant PANORAMA Boulevard Siegfried - 76130 Mont St Aignan', '02 35 70 70 45', 'resto-panorama@crous-normandie.fr'),
(255, 'Restaurant LE MADRILLET 1 Avenue de l\'Université, 76800 Saint Etienne du Rouvray', '02 35 65 00 06', 'resto-madrillet@crous-normandie.fr'),
(256, 'Vente à emporter LAVOISIER Rue Lavoisier, 76130 Mont Saint Aignan', '', ''),
(257, 'Restaurant PORTE OCEANE 30 rue Demidoff - 76600 Le Havre', '02.35.53.29.12', 'resto-porteoceane@crous-normandie.fr'),
(258, 'Restaurant COTE DE NACRE Campus 2, Boulevard Marechal Juin 14000 CAEN', '02 31 56 76 00', 'cotedenacre@crous-normandie.fr'),
(259, 'Restaurant LA PASSERELLE 33  avenue René Schmitt Cherbourg-Octeville - 50130 CHERBOURG-EN-COTENTIN', '02 33 01 46 80', 'ru.octeville@crous-normandie.fr'),
(260, 'Cafétéria MDE_CAEN université de Caen, campus 1 rue du colonel Usher 14000 Caen', '', ''),
(261, 'Cafétéria SCIENCES 1 Campus 2, Boulevard Marechal Juin 14000 CAEN', '02 31 56 76 00', 'cotedenacre@crous-normandie.fr'),
(262, 'Resto U\' Richter  80 rue Brumaire - 34000 Montpellier', '04 67 15 84 47', 'ru.richter@crous-montpellier.fr'),
(263, 'Cafet\' (S)PACE Place Eugène Bataillon - 34090 Montpellier', '', ''),
(264, 'Brasserie Le Graella. 54 avenue Paul Alduy - 66000 Perpignan', '04 68 50 37 94', 'ru.perpignan@crous-montpellier.fr'),
(265, 'Cafet\' Staps 700 avenue du Pic Saint Loup - 34090 Montpellier', '', ''),
(266, 'Cafet\' Passerelle 99 avenue d\'Occitanie - 34000 Montpellier', '07 87 09 98 17', 'ru.triolet@crous-montpellier.fr'),
(267, 'Cafet\' BU 54 avenue Paul Alduy - 66000 Perpignan', '', ''),
(268, 'Cafet\' Sudalternance 71 rue du Monte Cinto, Montpellier', '07 63 47 23 76', 'ru.triolet@crous-montpellier.fr'),
(269, 'RU ENSIL Ester Technopole 16 rue Atlantis 87000 LIMOGES', '05 55 43 17 32', 'chef-cuisinier.ensil@crous-limoges.fr'),
(270, 'Cafétéria Faculté des Lettres 39E rue Camille Guérin 87036 LIMOGES CEDEX', '05 55 43 17 07', 'cafet.lettres@crous-limoges.fr'),
(271, '\"Caféteria de la Faculté de Médecine Pharmacie 2 rue du Docteur Marcland, 87025 Limoges Cedex', ' France\"', '0555452617'),
(272, 'Cafétéria Médecine à Saint-Étienne 10 rue de la Marandière - 42270 Saint Priest en Jarez', '04 77 42 14 18', 'restaurant.saint-etienne@crous-lyon.fr'),
(273, 'Cafétéria Astrée 6 avenue Gaston Berger  - 69100 Villeurbanne', '04 72 44 62 76', 'restaurant.doua@crous-lyon.fr'),
(274, 'Restaurant ENTPE 3, rue Maurice Audin - 69 120 Vaulx-en-Velin', '04 72 04 71 90', 'restaurant.entpe@crous-lyon.fr'),
(275, 'Cafétéria Archimède 7A, avenue Albert Einstein - 69 100 Villeurbanne', '04 78 93 34 21', 'restaurant.doua@crous-lyon.fr'),
(276, 'Cafétéria Horizon 9-11 montée Nicolas de Lange - 69005 Lyon', '04 72 77 28 06', 'prestations.horizon@crous-lyon.fr'),
(277, 'Restaurant Rockefeller 6 rue Volney - 69008 Lyon', '04 78 78 90 80', 'restaurant.rockefeller@crous-lyon.fr'),
(278, 'Cafétéria Manufacture à Saint-Étienne 18 rue du Professeur Benoît Lauras - 42000 Saint-Étienne', '04 77 30 33 00', 'restaurant.saint-etienne@crous-lyon.fr'),
(279, 'Restaurant Tréfilerie à Saint-Étienne 31 bis rue du 11 Novembre - 42100 Saint-Étienne', '04 77 37 44 52', 'restaurant.saint-etienne@crous-lyon.fr'),
(280, 'Cafétéria l\'EsCaLe  51 chemin des Mouilles - 69 130 Écully ,', '', ''),
(281, 'RU Vauban 1, boulevard d\'Alembert - 78280 Guyancourt', '', ''),
(282, 'RU Le Parc 5, avenue du parc - 95000 Cergy Pontoise', '', ''),
(283, 'RU Nanterre 1, allée de l\'université - 92000 Nanterre', '', ''),
(284, 'Cafétéria de l\'IUT de Saint-Cloud 11, avenue Pozzo Di Borgo - 92210 Saint-Cloud', '', ''),
(285, 'RU Monseigneur Roméro Bât. 1ers cycles 15, rue André Lalande - 91000 Evry', '', ''),
(286, 'Cafétéria de l\'École d\'architecture  5, avenue de Sceaux - 78000 Versailles', '', ''),
(287, 'Cafétéria Neuville 5, mail Gay-Lussac - 95031 Cergy-Pontoise', '', ''),
(288, 'Cafétéria Saint-Martin 13, avenue du Général Schmitz - 95037 Pontoise', '', ''),
(289, 'Cafétéria Le Pelvoux 36 rue de Pelvoux - 91000 Evry-Courcouronnes', '', ''),
(290, 'Cafétéria Ville d\'Avray  1, chemin Desvallières - 92410 Ville d\'Avray ,', '', ''),
(291, 'RU Henri Moissan  15, avenue des Sciences - 91190 Gif-sur-Yvette', '', ''),
(292, 'RU Escoffier 22, cours Pierre Vasseur - 31120 Palaiseau', '', ''),
(293, 'RU ENS  2, rue Yvette Cauchois - 91190 Gif-sur-Yvette', '', ''),
(294, 'RU L\'Expérimental 7-9, boulevard Thomas Gobert - 91120 Palaiseau ,', '', ''),
(295, 'Cafétéria L\'An\'K Bâtiment Jean Rouch 200, avenue de la République - 92000 Nanterre', '', ''),
(296, 'Cafétéria Les Chênes 2 33, boulevard du Port - 95000 Cergy-Pontoise cedex', '', ''),
(297, 'Cafet\' STAPS 19 allée des stades universitaires - 21000 Dijon', '03 45 34 86 67', 'restaurant.mansart@crous-bfc.fr'),
(298, 'Cafet\' IUT Boulevard Petitjean - 21000 DIJON', '', 'restaurant.montmuzard@crous-bfc.fr'),
(299, 'Resto U\' Canot Quai Veil Picard', '03.81.48.45.30', 'pole-restauration-besancon@crous-bfc.fr'),
(300, 'Resto U\' & Cafet\' Portes du Jura 4 Place Tharradin, 25200 Montbéliard', '03 84 21 93 94', 'restauration-nfc@crous-bfc.fr'),
(301, 'Café, etc. Rue Chantereine, 90000 BELFORT', '', 'restauration-nfc@crous-bfc.fr'),
(302, 'Cafétéria Le Gingko 301 rue Baruch de Spinoza 84000 Avignon ,', '', ''),
(303, 'RU Galinat 38 boulevard Jean Moulin - 13005 Marseille', '', ''),
(304, 'RU Luminy 171 avenue de Luminy - 13009 Marseille', '', ''),
(305, 'Cafétéria Canebière Fac de droit - Canebière - 13001 Marseille', '', ''),
(306, 'Cafétéria de Médecine 27 boulevard Jean Moulin - 13005 Marseille', '', ''),
(307, 'Cafétéria Colbert 14 rue Puvis de Chavannes 13003 Marseille ,', '', ''),
(308, 'Cafétéria Le Tropical 413 avenue Gaston Berger 13090 Aix-en-Provence ,', '', ''),
(309, 'RU Droit 3 avenue Schuman 13090 Aix-en-Provence ,', '', ''),
(310, 'Cafétéria Pierre Guillaumat rue du Dr Schweitzer, 60000 COMPIEGNE', '03.22.71.91.49', 'ru.pab.secretariat@crous-amiens.fr'),
(311, 'Restaurant de l\'ESAT L\'ENVOL ST QUENTIN 52 rue jean cocteau, 02100 Saint-Quentin', '03.22.71.91.49', 'ru.portabateaux@crous-amiens.fr'),
(312, 'Cafétéria PAB Le Corner rue du port à bateaux, 60200 Compiègne', '03.22.71.91.49', 'ru.pab.secretariat@crous-amiens.fr'),
(313, 'RU Châtelet 10 rue Jean Calvin 75005 Paris ,', '', ''),
(314, 'Cafétéria Francis de Croisset 8 rue Francis de Croisset 75018 Paris ,', '', ''),
(315, 'Cafétéria Saint Charles 43-47 rue des Bergers 75015 Paris ,', '', ''),
(316, 'Cafétéria Sciences Po 56 rue des Saints-Pères 75006 Paris ,', '', ''),
(317, 'Libre-service Pierre Mendès France 31 Rue Baudricourt, 75013 Paris ,', '', ''),
(318, 'Cafétéria Necker 160 rue de Vaugirard 75015 Paris ,', '', ''),
(319, 'Cafétéria INALCO 65 rue des Grands Moulins 75013 Paris ,', '', ''),
(320, 'Cafétéria Lacretelle 1 rue Lacretelle 75015 Paris ,', '', ''),
(321, 'Salade Bar Le Bodin \\\\u2013 ASSAS 92 rue d\'Assas 75006 Paris ,', '', ''),
(322, 'Cafétéria IUT Pajol 12 quarter rue du Département, 75018, Paris ,', '', ''),
(323, 'Cafétéria Cuvier 4 place Jussieu 75005 Paris ,', '', ''),
(324, 'Cafétéria Pont supérieur  Port de la Gare, Quai François Mauriac - 75013 Paris ,', '', ''),
(325, 'Cafétéria Champollion 18 bis rue de la Sorbonne 75005 Paris ,', '', ''),
(326, 'Restaurant administratif Bullier 38 avenue Georges Bernanos 75005 Paris ,', '', ''),
(327, 'Restaurant administratif Jussieu 4 place Jussieu 75005 Paris ,', '', ''),
(328, 'Restaurant administratif Mabillon 3 rue Mabillon 75006 Paris ,', '', ''),
(329, 'Restaurant administratif Necker 160 rue de Vaugirard 75015 Paris ,', '', ''),
(330, 'Restaurant administratif de l\'institut de Boulogne 71 avenue Edouard Vaillant 92100 Boulogne ,', '', ''),
(331, 'Libre-service - Cafétéria Bichat 16 Rue Henri Huchard, 75018 Paris ,', '', ''),
(332, 'L\'Agora Rue de Saint Amand. Près de la maison de l\'étudiant, le RU Le Forum et le Bistrot', '', 'rucampus@crous-orleans-tours.fr'),
(333, 'Le Flicoteaux 1 rue St martin du val 28000 Chartres ,', '', ''),
(334, 'Le Castel\'RU 78 espace Mendès France 36000 Châteauroux ,', '', ''),
(335, 'Le Dundee Campus 45000 Orléans ,', '', ''),
(336, 'Le Forum Campus 45000 Orléans ,', '', ''),
(337, 'Cafétéria des Tanneurs Rue des Tanneurs 37000 Tours ,', '', ''),
(338, 'RU du Technopôle 40 avenue Jean Portalis 37200 Tours ,', '', ''),
(339, 'Cafétéria St Symphorien 25 rue du Pont volant 37000 Tours ,', '', ''),
(340, 'Caféteria des Lettres 1 Rue Raymond Cantel - Bâtiment A3 - 86000 Poitiers.', '05.49.44.53.80', 'direction.ru.rabelais@crous-poitiers.fr'),
(341, 'Les Sablières 24 allée Jean Monnet - Bâtiment C17 - 86000 Poitiers', '05.49.44.53.80', 'direction.ru.rabelais@crous-poitiers.fr'),
(342, 'La Rochelle SO WHAT 15 rue Vaux de Foletier 17000 LA ROCHELLE', '05.46.45.08.08', 'restaurant.republique@crous-poitiers.fr'),
(343, 'La Rochelle RU REPUBLIQUE 90 boulevard de la République 17000 LA ROCHELLE', '05.46.45.08.08', 'restaurant.republique@crous-poitiers.fr'),
(344, 'Guichet Ru Roche D\'argent Restaurant Universitaire Roche d\'Argent - 1 rue Roche d\'Argent - 86000 POITIERS', '', 'direction.ru.rabelais@crous-poitiers.fr'),
(345, 'Resto U\' La Chantrerie 4 rue Christian Pauc - 44300 Nantes ,', '', ''),
(346, 'Cafet\' Pôle étudiant Chemin de la Censive du Tertre - 44300 Nantes ,', '', ''),
(347, 'Resto U\' La Lombarderie  30 rue de la Haute Forêt - 44300 Nantes ,', '', ''),
(348, 'Salle administrative - Resto U\' Ricordeau 1 place Alexis Ricordeau - 44000 Nantes ,', '', ''),
(349, 'Crous(S)pace\'Tertre 2 route de la Jonelière - 44300 Nantes ,', '', ''),
(350, 'Cafétéria Lash 98 boulevard Edouard Herriot 06000 Nice ,', '', ''),
(351, 'Cafétéria Staps  261 route de Grenoble 06205 Nice', '', ''),
(352, 'Resto U Le Coudon RN 98 83130 La Garde', '', ''),
(353, 'Cafétéria L\'Escarpe 35 avenue Alphonse Daudet 83000 Toulon', '', ''),
(354, 'Resto U\' Illkirch 76 Route du Rhin 67400  Illkirch-Graffenstaden ,', '', ''),
(355, 'Cafétéria La Misha 5 allée du Général Rouvillois CS 50008 ,', '', ''),
(356, 'Le 32 32 boulevard de la Victoire 67000 Strasbourg', '0388615694', 'resacampuscentre@crous-strasbourg.fr'),
(357, 'RU du Tampon', '', 'restauration.sud@crous-reunion.fr'),
(358, 'RESTO U\' CLOS SAINT-JACQUES / DOLET 25 rue Etienne-Dolet 63037 Clermont-Ferand Cedex 1', '04 73 34 44 28', 'restaurant-dolet@crous-clermont.fr'),
(359, 'CAFETERIA LE SAXO Maison de la Vie Etudiante (MVE) - Campus universitaire des Cézeaux 63170 Aubière', '04 73 28 89 50', 'restaurant-cezeaux@crous-clermont.fr'),
(360, 'LES HAUTS DE L\'ARTIERE (restaurant) Restaurant universitaire - 27 avenue Blaise Pascal - 63170 Aubière', '04 73 28 89 50', 'restaurant-cezeaux@crous-clermont.fr'),
(361, 'Crous Market\' de l\'ESTIA Technopole Izarbel, 92 Allée Théodore Monod, 64210 Bidart ,', '', ''),
(362, 'Crous Cafet\' L\'Arlequin Faculté de Droit 64000 PAU', '', ''),
(363, 'Resto U\' le Capu 16 rue Jules Guesde à Bordeaux', '', ''),
(364, 'Crous Market\' Le Musée 3 ter, Place de la Victoire à Bordeaux ,', '', ''),
(365, 'Restaurant administratif Le Haut-Carré 43, rue Pierre Noailles 33400 TALENCE', '05.40.00.34.50', 'logorest.hautcarre@crous-bordeaux.fr'),
(366, 'Crous Market\' de l\'IUT 15 rue Naudet Gradignan ,', '', ''),
(367, 'Crous Moovy Market\' #1 jardins du conservatoire, 29 Cours Comte de Cabarrus, 64100 Bayonne', '05 59 63 20 66', 'restauration.cote-basque@crous-bordeaux.fr'),
(368, 'RU Les Arts et Métiers Cours des Arts et Métiers - 13621 Aix-en-Provence cedex 1', '', ''),
(369, 'Cafétéria Les Fenouillères avenue Gaston Berger - 13621 Aix-en-Provence cedex 1', '', ''),
(370, 'Cafétéria Lettres 29 avenue Robert Schumann 13621 Aix-en-Provence cedex 1', '', ''),
(371, 'RU Gaston Berger 43 rue du 141eme RIA - 13003 Marseille', '', ''),
(372, 'RU Canebière 9-11 rue Sénac - 13001 Marseille ,', '', ''),
(373, 'Cafétéria Luminy 171 avenue de Luminy - 13009 Marseille', '', ''),
(374, 'Cafétéria Médecine Nord Boulevard Pierre Dramard - 13015 Marseille', '', ''),
(375, 'Cafétéria Thiers 5 place du Lycée - 13001 Marseille', '', ''),
(376, 'RU Pharo Jardin du Pharo, 58 Boulevard Charles Livon, 13007 Marseille ,', '', ''),
(377, 'Cafétéria de la Rotonde chemin du Thil, SALOUEL', '03.22.89.14.27', 'ru.amiens-sud.secretariat@crous-amiens.fr'),
(378, 'Restaurant d\'UniLaSalle Amiens 14 quai de la Somme, 80000 AMIENS', '03.22.43.54.83', 'ru.amiens-centre.secretariat@crous-amiens.fr'),
(379, 'Cafétéria de la faculté des arts rue des Teinturiers, 80000 AMIENS', '03.22.71.24.87', 'ru.amiens-centre.secretariat@crous-amiens.fr'),
(380, 'Restaurant Saint-Leu rue de la Plumette, 80000 AMIENS', '03.22.71.24.87', 'ru.amiens-centre.secretariat@crous-amiens.fr'),
(381, 'Cafétéria de la FAC de droit et d\'économie 10 venelle Lafleur, 80000 AMIENS', '03.22.71.24.87', 'ru.amiens-centre.secretariat@crous-amiens.fr'),
(382, 'Cafétéria Saint-Charles rue des Louvels, 80000 AMIENS', '03.22.82.79.02', 'ru.amiens-sud.secretariat@crous-amiens.fr'),
(383, 'Restaurant Magellan Avenue de Landshut, 60000 Compiègne', '03.22.71.91.49', 'ru.portabateaux@crous-amiens.fr'),
(384, 'Cafétéria Saint-Leu rue de la Plumette, 80000 AMIENS', '03.22.71.24.87', 'ru.amiens-centre.secretariat@crous-amiens.fr'),
(385, 'Cafétéria du Bailly  avenue des Facultés, SALOUEL', '03.22.71.91.50', 'ru.amiens-sud.secretariat@crous-amiens.fr'),
(386, 'Cafétéria du Jeu de Paume 52 boulevard Saint andré 60000 Beauvais', '0322719101', 'ru.jeudepaume@crous-amiens.fr'),
(387, 'Cafétéria près du SCUIO Campus de Fouillole', '0590 89 46 48', 'resto-fouillole@crous-antillesguyane.fr'),
(388, 'Restaurant de la résidence de Kourou Kourou', '', ''),
(389, 'Restaurant universitaire de Saint-Claude Campus du Camp Jacob', '0590607481', 'resto-camp-jacob@crous-antillesguyane.fr'),
(390, 'Cafétéria de l\'IUT 12 allée André Maurois', '0555452637', 'cafet.iut@crous-limoges.fr'),
(391, 'Cafétéria du R.U. d\'Arras 10 rue des voituriers , 62000 ARRAS', '03 74 09 11 98', 'restaurant.arras@crous-lille.fr'),
(392, 'R.U. d\'Arras 9 rue du Temple, 62000 ARRAS', '03 74 09 11 98', 'restaurant.arras@crous-lille.fr'),
(393, 'R.U. Chatillon (Lille Centre) 24 rue Gauthier de Chatillon , 59000 LILLE', '03.74.09.12.98', 'chatillon.resto@crous-lille.fr'),
(394, 'R.U. Lille-Moulins (Lille Moulins) Angle des rues Massillon et Thumesnil , 59000 LILLE', '03 74 09 12 95', 'restaurant.droit@crous-lille.fr'),
(395, 'R.U. Ronzier Boulevard Harpignies , 59300 VALENCIENNES', '', 'restaurant.ronzier@crous-lille.fr'),
(396, 'Flores Cafe (Lille III) 2 rue du Barreau , 59650 VILLENEUVE D\'ASCQ', '03 74 09 11 71', 'restaurant.flers@crous-lille.fr'),
(397, 'Le Crous Gourmand (Campus Pont de Bois) 2 rue du Barreau , 59650 VILLENEUVE D\'ASCQ', '03 74 09 11 71', 'restaurant.flers@crous-lille.fr'),
(398, 'Cafétéria du R.U. l\'Epi (Lille CHR) Rue Ambroise Paré , 59120 LOOS', '03 59 61 70 09', 'restaurant.lepi@crous-lille.fr'),
(399, 'Le Forum 2 rue du Barreau , 59650 VILLENEUVE D\'ASCQ', '03 74 09 11 71', 'restaurant.flers@crous-lille.fr'),
(400, 'Cafeteria ENSCL (Lille I) Avenue Mendeleiev, 59652 Villeneuve-d\'Ascq', '', ''),
(401, 'Cafétéria IUT Champs 4 rue Albert Einstein - 77420 Champs-sur-Marne', '', 'restaurant.champs-sur-marne@crous-creteil.fr'),
(402, 'Cafétéria Les Vergers Avenue J.B. Clément - 93430 Villetaneuse', '', 'restaurant.villetaneuse@crous-creteil.fr'),
(403, 'RU Campus St Denis  2 rue de la Liberté - 93200 Saint-Denis', '', 'restaurant.paris8@crous-creteil.fr'),
(404, 'Cafétéria Campus St Denis 2 rue de la Liberté - 93200 Saint-Denis', '', 'restaurant.paris8@crous-creteil.fr'),
(405, 'La grande Cafétéria - Bâtiment A Campus St Denis 2 rue de la Liberté - 93200 Saint-Denis', '', 'restaurant.paris8@crous-creteil.fr'),
(406, 'RU de Melun Rue du Port - 77000 Melun', '', 'restaurant.melun@crous-creteil.fr'),
(407, 'RU Les jardins du Fort 63 rue Gabriel Péri 94270 Le Kremlin-Bicêtre', '', 'restaurant.kremlin@crous-creteil.fr'),
(408, 'Coffee corner ESIEE 2, boulevard Blaise Pascal Cité DESCARTES BP 99 93162 Noisy le Grand CEDEX', '', 'restaurant.champs-sur-marne@crous-creteil.fr'),
(409, 'Crous Truck Santé parvis du batiment Jean Roget, place du commandant Nal, Domaine de la Merci, 38700 La Tronche', '', 'vae.grenoble-centre@crous-grenoble.fr'),
(410, 'Pizzéria Tutti Quanti 21, allée Condillac, 38400 Saint-Martin-d\'Hères, France ,', '', ''),
(411, 'RU du Home des Etudiants 2 rue Général Champon 38000 Grenoble', '', ''),
(412, 'Cafétéria Maison de l\'INP Maison de l\'INP 730 rue de la Piscine BP153 38404 Saint Martin d\'Hères ,', '', ''),
(413, 'RU Diderot 40 rue des université Domaine Universitaire 38400 St Martin d\'Hères', '', ''),
(414, 'RU L\'Epicéa Domaine universitaire Rue de la papeterie St Martin d\'Hères ,', '', ''),
(415, 'Cafétéria IUT d\'Annecy IUT Annecy, 9 rue Arc en ciel 74940 Annecy Le Vieux ,', '', ''),
(416, 'RU La Chautagne Rue du Lac de la Thuile 73370 Le Bourget du Lac', '', ''),
(417, 'La Street food - Diderot 40 rue des universités 38400 Saint-Martin-d\'Hères ,', '', ''),
(418, 'Crous & Go\' ICM 11 avenue du mai 1945, 38130 Echirolles ,', '', ''),
(419, 'Crous Truck BU Droit et Lettres Avenue centrale, 38400 Saint-Martin-d\'Hères ,', '', ''),
(420, 'RU Campus Grimaldi Campus Grimaldi ,', '', ''),
(421, 'Cafétéria snack Grands Moulins 14 esplanade Pierre Vidal Naquet 75013 Paris ,', '', ''),
(422, 'RU Bullier 39 avenue Georges Bernanos 75005 Paris ,', '', ''),
(423, 'Cafétéria Nation Libre-service 8 Avenue de Saint-Mandé, 75012 Paris, France ,', '', ''),
(424, 'RU de la Halle aux farines 3 esplanade Pierre Vidal Naquet 75013 Paris ,', '', ''),
(425, 'Cafétéria Villemin 10 avenue de Verdun 75010 Paris ,', '', ''),
(426, 'RU La Barge du Crous de Paris Port de la Gare Quai François Mauriac 75013 Paris ,', '', ''),
(427, 'Cafétéria Malakoff 10 avenue Pierre Larousse 92240 Malakoff ,', '', ''),
(428, 'Cafétéria Montrouge 1 rue Maurice Arnoux 92120 Montrouge ,', '', ''),
(429, 'Cafétéria René Cassin 17 rue Saint Hippolyte 75013 Paris ,', '', ''),
(430, 'Libre-service Pharmacie Faculté de la Pharmacie de Paris, 4 avenue de l\'Observatoire 75006 Paris ,', '', ''),
(431, 'Cafétéria Olympe de Gouges 8 place Paul Ricoeur 75013 Paris ,', '', ''),
(432, 'Cafétéria Cité internationale 23 boulevard Jourdan 75014 Paris ,', '', ''),
(433, 'Cafétéria de l\'Ouest 4 Place de Jussieu 75005 Paris ,', '', ''),
(434, 'Cafétéria Saint-Guillaume - Sciences Po 27 rue Saint Guillaume 75006 Paris ,', '', ''),
(435, 'RU Condorcet 8 Cours des Humanités, 93330 Aubervilliers ,', '', ''),
(436, 'RU Saints-Pères 45 rue des Saints-Pères 75006 Paris ,', '', ''),
(437, 'Restaurant administratif Pitié 105 boulevard de l\'Hôpital 75013 Paris ,', '', ''),
(438, 'Cafétéria de STAPS Campus 45000 Orléans ,', '', ''),
(439, 'RU du Plat d\'étain Rue du Plat d\'étain 37000 Tours ,', '', ''),
(440, 'La Cafétéria    12 rue Anne de Bretagne  41000 Blois ,', '', ''),
(441, 'MINI R Campus 45000 Orléans ,', '', ''),
(442, 'Le 1431 Présidence de l\'université - 15 Rue de l\'Hôtel Dieu - 86000 Poitiers', '06 72 88 64 93', 'direction.ru.rabelais@crous-poitiers.fr'),
(443, 'Cafétéria Mini\'Gem 8 avenue Blaise Pascal BP 90176 86960 FUTUROSCOPE CHASSENEUIL', '05 49 49 85 01', 'restaurant.gemini@crous-poitiers.fr'),
(444, 'Restaurant Sanital Zone du Sanital - 34 Avenue Alfred Nobel - 86100 CHATELLERAULT', '05.49.21.54.36', 'restaurant.sanital@crous-poitiers.fr'),
(445, 'R.U. Crousty  6 rue de Varsovie 16000 ANGOULEME', '05.45.25.51.51', 'restaurant.crousty@crous-poitiers.fr'),
(446, 'Brasserie Hurons (Champlain) 9 rue Théodore Lefebvre - Bâtiment A7 - 86000 POITIERS', '05.49.38.00.02', 'direction.ru.rabelais@crous-poitiers.fr'),
(447, 'R.U. Roche d\'Argent 1 rue Roche d\'Argent - 86000 Poitiers.', '06.80.77.66.28', 'direction.ru.rabelais@crous-poitiers.fr'),
(448, 'Cafétéria La Thériaque 6 rue de la Milétrie - Bâtiment D1 - 86000 Poitiers.', '06.03.03.50.42', 'direction.ru.rabelais@crous-poitiers.fr'),
(449, 'Le Grand Café Maison des étudiants - 1 rue Neuma Fechine Borges - 86000 Poitiers', '05.49.45.47.90', 'direction.ru.rabelais@crous-poitiers.fr'),
(450, 'Le Barathym 5 rue de la Devinière - Bâtiment B11 - 86000 POITIERS', '05.49.44.53.80', 'direction.ru.rabelais@crous-poitiers.fr'),
(451, 'La Rochelle RU VESPUCCI Rue du Loup Marin 17000 LA ROCHELLE', '05.46.29.21.49', 'restaurant.vespucci@crous-poitiers.fr'),
(452, 'Poitiers Crous Truck', '06-01-19-19-20', 'direction.ru.rabelais@crous-poitiers.fr'),
(453, 'Guichet Ru Rabelais  Rez de chaussée du Restaurant Universitaire Rabelais (côté terrain de tennis) - 5 rue de la Devinière - Bâtiment B11 - 86000 POITIERS', '05.49.44.53.80', 'direction.ru.rabelais@crous-poitiers.fr'),
(454, 'Cafétéria IUT CAUCRIAUVILLE 1 place Schumann - 76600 Le Havre', '02.35.51.62.48', 'resto-porteoceane@crous-normandie.fr'),
(455, 'Cafétéria l\'ESTUDIANTINE Avenue de l\'université - 76800 Saint Etienne du Rouvray', '02 35 65 00 06', 'resto-madrillet@crous-normandie.fr'),
(456, 'Restaurant A campus 1  campus 1, 23 avenue de Bruxelles 14000 Caen', '02.31.56.63.50', 'ru.campus1@crous-normandie.fr'),
(457, 'Cafétéria LE HIGHLAND\'S 6 boulevard Maréchal Juin, 14000 Caen', '02 31 56 76 00', 'cotedenacre@crous-normandie.fr'),
(458, 'Cafétéria de  L\'ENSI 6 Boulevard Marechal Juin 14000 CAEN', '02 31 56 76 00', 'cotedenacre@crous-normandie.fr'),
(459, 'Cafétéria LA SOUPAPE Rue Max-Pol Fouchet - 50130 Cherbourg-en-Cotentin, France', '02 33 01 46 80', 'ru.octeville@crous-normandie.fr'),
(460, 'Cafétéria Pub La Soucoupe 33 rue du Maréchal Juin - 76130 Mont St Aignan', '', ''),
(461, 'Resto U\' & Cafet\' Petit Bouloie 45, avenue de l\'Observatoire, 2500 Besançon', '03 81 48 45 40', 'pole-restauration-besancon@crous-bfc.fr'),
(462, 'Cafet\' Droit-Lettres Boulevard Gabriel - 21000 DIJON', '', 'restaurant.montmuzard@crous-bfc.fr'),
(463, 'Crous Truck\' Centre-ville de Dijon Lundi et jeudi : 3 rue Dr Maret \\\\u2022 Mardi et Mercredi : Burgundy School of Business (BSB) ,', '', ''),
(464, 'Resto U\' CentraleSupélec 2 rue Edouard Belin 57070 Metz Technopôle', '', ''),
(465, 'Cafet\' Charle\'Miam 2 ter Boulevard Charlemagne 54000 Nancy', '', ''),
(466, 'Resto U\' Metz\'In 6 rue Augustin Fresnel 57070 Metz', '', ''),
(467, 'Cafétéria Filtre 5 avenue Pierre Mendès France -  69500 Bron', '04 78 77 44 11', 'restaurant.bron@crous-lyon.fr'),
(468, 'Cafétéria des Quais 4 rue de l\'université - 69007 Lyon', '04 72 72 98 01', 'restaurant.quais@crous-lyon.fr'),
(469, 'Restaurant École Centrale de Lyon  51 chemin des Mouilles - 69130 Ecully', '04 72 18 63 88', 'restaurant.ecl@crous-lyon.fr'),
(470, 'Restaurant Puvis de Chavannes 118 boulevard du 11 novembre 1918 - 69 100 Villeurbanne', '', 'restaurant.doua@crous-lyon.fr'),
(471, 'Cafétéria Rabelais 8 avenue Rockefeller - 69008 Lyon', '', ''),
(472, 'Restaurant Manufacture des Tabacs 1 avenue des Frères Lumières - 69 008 Lyon', '04 78 76 15 96', 'restaurant.manufacture@crous-lyon.fr'),
(473, 'Restaurant de Bron 5 avenue Pierre Mendès France -  69500 Bron', '04 78 77 30 33/3', 'restaurant.bron@crous-lyon.fr'),
(474, 'Cafétéria Lyon Sud 165 chemin du Grand Revoyet - 69 600 Pierre-Bénite', '04 72 30 27 50', 'restaurant.lyonsud@crous-lyon.fr'),
(475, 'Le Kiosque à Bron 5 avenue Pierre Mendès France -  69500 Bron', '', 'restaurant.bron@crous-lyon.fr'),
(476, 'Brasserie Veyrassi 1140, avenue du Pic Saint-Loup ,', '', ''),
(477, 'Cafet\' Chimie 120 avenue du professeur Émile Jeanbrau, 34000 Montpellier', '06 76 27 94 77', 'ru.triolet@crous-montpellier.fr'),
(478, 'Brasserie Triolet 1061 rue du Professeur Anglada - 34090 Montpellier', '04 67 63 50 16', 'ru.triolet@crous-montpellier.fr'),
(479, 'Cafet\' Trioletto 75 Avenue Augustin Fliche - 34090 Montpellier', '06 49 44 41 86', 'ru.triolet@crous-montpellier.fr'),
(480, 'Resto U\' St Césaire 380 chemin du Moulin à Vent - 30900 Nîmes', '04 66 68 70 20', 'ru.nimes@crous-montpellier.fr'),
(481, 'Resto U\' Perpignan 54 avenue Paul Alduy - 66000 Perpignan', '04 68 50 37 94', 'ru.perpignan@crous-montpellier.fr'),
(482, 'Brasserie 1000 Pâtes Avenue Pierre de Coubertin - 11100 Narbonne', '', ''),
(483, 'Resto U\' Vaurouzé 12 boulevard Charles Nicolle - 72000 Le Mans', '0243244512', 'ru.vaurouze@crous-nantes.fr'),
(484, 'Resto U\' Oniris Chantrerie 3 route de Gachet - 44300 Nantes ,', '', ''),
(485, 'Salle administrative - Resto U\' La Lombarderie 30 rue de la Haute Fôret - 44000 Nantes ,', '', ''),
(486, 'Resto U\' Ambroise Croizat 26 rue Roger Amsler - 49000 Angers ,', '', ''),
(487, 'Cafet\' Ricordeau 1 place Alexis Ricordeau - 44000 Nantes ,', '', ''),
(488, 'Cafet\' Aubépin 4 rue Georges Charpak - 53810 Changé ,', '', ''),
(489, 'Salle administrative - Resto U\' Belle Beille 3 boulevard Lavoisier - 49000 Angers ,', '', ''),
(490, 'Crous\'Truck Inspé Angers 7 Rue Dacier, 49035 Angers ,', '', ''),
(491, 'Cafet\' STAPS 25 bis boulevard Guy Mollet - 44300 Nantes ,', '', ''),
(492, 'Cafet\' Inspirations 52 boulevard de le Prairie au Duc, 44200 Nantes ,', '', '');
INSERT INTO `donneecrous` (`ID`, `Adresse`, `NumeroTelephone`, `AdresseEmail`) VALUES
(493, 'Cafétéria Hélios 2240 route des Lucioles 06410 Biot ,', '', ''),
(494, 'Resto U Saint Jean d\'Angély 5 rue du 22ème BCA 06357 Nice', '', ''),
(495, 'Moovy Market\' 104 Boulevard de la Duchesse Anne  35 000 RENNES', '02 99 38 03 22', 'ru.rennes.centre@crous-rennes.fr'),
(496, 'Crous Market\' IUT Brest Rue de Kergoat ,', '', ''),
(497, 'Crous Market\' Paquebot 10 rue Jean Zay 56000 Lorient ,', '', ''),
(498, 'Crous Market\' St-Maudé Rue de Saint Maudé 56000 Lorient ,', '', ''),
(499, 'Resto U\' Kergoat 1 rue du Commandant Vibert  29200 BREST cedex', '02 98 03 22 56', 'ru.kergoat@crous-rennes.fr'),
(500, 'Crous Market\' AES Avenue Victor le Gorgeu, 29238 Brest Cedex 3 ,', '', ''),
(501, 'Crous Market\' Sciences 6 Avenue Victor le Gorgeu Brest ,', '', ''),
(502, 'Crous Market\' Langues ,', '', ''),
(503, 'Crous Market\' Ker Lann Campus de Ker Lann', '02 99 05 06 30', 'ru.bruz@crous-rennes.fr'),
(504, 'Crous Market\' l\'Ereve Place du recteur Henri Le Moal 35000 Rennes ,', '', ''),
(505, 'Crous Market\' Hall B Campus Villejean ,', '', ''),
(506, 'Crous Market\' Fougères 46 rue Jean Guéhenno  35 000 RENNES', '', ''),
(507, 'Crous Market\' STAPS 2 rue Doyen Denis Leroy 35000 Rennes', '', 'ru.villejean1@crous-rennes.fr'),
(508, 'RU le Bourbon Pittoresque Avenue René Cassin Sainte-Clotilde 97490', '02.62.73.37.00', 'restauration.nord@crous-reunion.fr'),
(509, 'RU le Jeanne Baret Avenue rené Cassin', '02.62.73.37.00', 'restauration.nord@crous-reunion.fr'),
(510, 'Cafétéria de l\'IUT de Saint-Pierre', '', 'restauration.sud@crous-reunion.fr'),
(511, 'Cafet IUT Reims chemin des rouliers, 51100 Reims ,', '', ''),
(512, 'Cafet IUT Troyes 9 Rue Quebec, 10000 Troyes ,', '', ''),
(513, 'Brasserie UTT 12 rue Marie Curie, 10000 Troyes', '', ''),
(514, 'RU Les États-Unis 45, avenue des États-Unis - 78000 Versailles', '', ''),
(515, 'RU Les Aviateurs 10-12, avenue de l\'Europe - 78140 Velizy-Villacoublay', '', ''),
(516, 'RU Le Sablier Bâtiment Ile de France, 1 rue du Père André Jarlan - 91000 Evry', '', ''),
(517, 'RU Les Cèdres Bâtiment 406, rue Claude Bernard - 91400 Orsay', '', ''),
(518, 'Cafétéria Le Parc - Le Kiosque 5, avenue du parc - 95000 Cergy Pontoise', '', ''),
(519, 'Cafétéria La Terrasse 1, allée de l\'Université - 92000 Nanterre', '', ''),
(520, 'Cafétéria La Sandwicherie Bât F, 200 avenue de la République - 92000 Nanterre', '', ''),
(521, 'Cafétéria de La Poste Institut de la poste Rue du Facteur Cheval - 91000 Evry', '', ''),
(522, 'Cafétéria CentraleSupélec Breguet 3, rue Joliot Curie, plateau du Moulon - 91192 Gif-sur-Yvette ,', '', ''),
(523, 'Cafétéria de l\'IUT d\'Orsay Plateau de Moulon - 91400 Orsay', '', ''),
(524, 'Cafétéria libre-service Henri Moissan 15, avenue des Sciences - 91190 Gif-sur-Yvette', '', ''),
(525, 'Cafétéria ENS 2, rue Yvette Cauchois - 91190 Gif-sur-Yvette', '', ''),
(526, 'Resto U\' Esplanade 32 Boulevard de la Victoire', '', 'resacampuscentre@crous-strasbourg.fr'),
(527, 'Cafétéria Illkirch 76 Route du Rhin 67400  Illkirch-Graffenstaden ,', '', ''),
(528, 'Resto U\' Castres Rue Firmin Oules, 81100 Castres', '05 61 12 54 89', 'contact.castres@crous-toulouse.fr'),
(529, 'Cafet\' Manufacture des Tabacs 21 allées de Brienne, 31000 Toulouse', '05 61 12 45 45', 'restaurant.arsenal@crous-toulouse.fr'),
(530, 'Cafet\' Capitole 2 rue du Doyen Gabriel Marty 31000 Toulouse Cedex.', '05 62 25 62 71', 'restaurant.arsenal@crous-toulouse.fr'),
(531, 'Cafet\' Enseeiht  2 rue Camichel 31071 Toulouse', '05 61 12 54 88', 'restaurant.enseeiht@crous-toulouse.fr'),
(532, 'Restaurant de la Veillère petite rue de la Veillère, 80000 AMIENS', '03.22.71.24.87', 'ru.amiens-centre.secretariat@crous-amiens.fr'),
(533, 'Restaurant de Cuffies 13 Avenue François Mitterrand, 02880 Cuffies', '03.22.71.91.49', 'ru.portabateaux@crous-amiens.fr'),
(534, 'Croustruck\' Snack 1 rue du professeur Cabrol, 80000 AMIENS', '03.22.71.91.50', 'ru.amiens-sud.secretariat@crous-amiens.fr'),
(535, 'Restaurant de Creil 111 rue de la république, 60100 CREIL', '03.22.71.91.49', 'ru.pab.secretariat@crous-amiens.fr'),
(536, 'Cafétéria de Troubiran Cayenne', '', ''),
(537, 'RESTAURANT TROU BIRAN CAMPUS DE TROU BIRAN ,', '', ''),
(538, 'Restaurant du Bailly  avenue des Facultés, SALOUEL', '03.22.71.91.50', 'ru.amiens-sud.secretariat@crous-amiens.fr'),
(539, 'Restaurant de Laon 2 rue Pierre Curie, 02000 LAON', '03.22.71.91.08', 'ru.laon@crous-amiens.fr'),
(540, 'Event\'Café 12 place d\'Armes - La Citadelle, 80000 AMIENS', '03.22.71.24.87', 'ru.amiens-centre.secretariat@crous-amiens.fr'),
(541, 'Restaurant PAB La Canteen Rue du Port à Bateaux, 60200 Compiègne', '03.22.71.91.49', 'ru.pab.secretariat@crous-amiens.fr'),
(542, 'RU Les Gazelles 31 avenue Jules Ferry 13100 Aix-en-Provence ,', '', ''),
(543, 'RU Les Fenouillères Avenue Gaston Berger 13621 Aix-en-Provence cedex 1', '', ''),
(544, 'Cafétéria Château-Gombert 38 rue Frédéric Joliot Curie - 13013 Marseille', '', ''),
(545, 'Cafétéria ESPE 2 avenue Jules Isaac - 13621 Aix-en-Provence cedex 1', '', ''),
(546, 'Cafétéria Saint-Charles 3 place Victor Hugo - 13331 Marseille cedex 3', '', ''),
(547, 'Cafétéria Pharmacie 27 boulevard Jean Moulin - 13005 Marseille', '', ''),
(548, 'RU Agroparc 106 avenue Michel Montaigne - 84000 Avignon', '', ''),
(549, 'RU Sainte-Marthe 74 rue Louis Pasteur - 84000 Avignon', '', ''),
(550, 'Cafétéria MMSH 5, rue du Château de l\'horloge, 13090 Aix-en-Provence ,', '', ''),
(551, 'Cafétéria Droit 3 avenue Schuman 13090 Aix-en-Provence ,', '', ''),
(552, 'RU de l\'institut de Boulogne 71 avenue Edouard Vaillant 92100 Boulogne ,', '', ''),
(553, 'RU IUT de Paris - Rive de Seine 143 avenue de Versailles 75016 Paris ,', '', ''),
(554, 'RU Mabillon 3 rue Mabillon 75006 Paris ,', '', ''),
(555, 'Libre-service Le Portalis -  ASSAS 92 rue d\'Assas 75006 Paris ,', '', ''),
(556, 'Cafétéria Cochin 24 rue du Faubourg Saint-Jacques 75014 Paris ,', '', ''),
(557, 'Cafétéria Pharmacie Faculté de la Pharmacie de Paris, 4 avenue de l\'Observatoire 75006 Paris ,', '', ''),
(558, 'Libre-service Sorbonne - Clignancourt 4 rue Francis de Croisset, 75018 Paris ,', '', ''),
(559, 'RU Cité internationale 23 boulevard Jourdan 75014 Paris ,', '', ''),
(560, 'L\'Express 4 place jussieu 75005 Paris ,', '', ''),
(561, 'Libre-service & Cafétéria Condorcet 12 cours des humanités, 93330 Aubervilliers ,', '', ''),
(562, 'Cafétéria Jourdan 48 Boulevard Jourdan 75014 Paris ,', '', ''),
(563, 'Restaurant administratif Buffon 17 rue Hélène Brion 75013 Paris ,', '', ''),
(564, 'Cafétéria Jussieu 4 place Jussieu 75005 Paris ,', '', ''),
(565, 'Restaurant administratif IUT de Paris Rive de Seine 143 avenue de Versailles 75016 Paris ,', '', ''),
(566, 'RU Nation 8 Avenue de Saint-Mandé, 75012 Paris, France ,', '', ''),
(567, 'Petit Roche 1 rue Roche d\'Argent - 86000 Poitiers.', '06.80.77.66.28', 'direction.ru.rabelais@crous-poitiers.fr'),
(568, 'Le 1873 5 Allée Gilbert de la Porée 86000 POITIERS', '05.16.52.66.84', 'direction.ru.rabelais@crous-poitiers.fr'),
(569, 'La Rochelle RU VESPUCCI VAE ,', '', ''),
(570, 'Pyramide libre service Présidence de l\'université - 15 Rue de l\'Hôtel Dieu - 86000 Poitiers', '', 'direction.ru.rabelais@crous-poitiers.fr'),
(571, 'Resto U INSPE de REIMS 23 Rue Clément Ader, 51100 Reims', '', ''),
(572, 'Resto U SciencesPo 9 Rue Eugène Wiet, 51100 Reims ,', '', ''),
(573, 'Resto U\' de la Nive 79 rue Bourgneuf 64100 Bayonne', '05 59 63 20 66', 'restauration.cote-basque@crous-bordeaux.fr'),
(574, 'Crous Cafet\' le 98 98 quai des Chartrons à Bordeaux', '', ''),
(575, 'Crous Cafet\' le Veracruz Avenue Maine de Biran / Esplanade des Antilles à Pessac', '', ''),
(576, 'Resto U n\\\\u00b01 (fermé pour travaux) Avenue Prévost à Talence', '', ''),
(577, 'Resto U\' la Bastide 15 Avenue Abadie 33100 BORDEAUX', '', ''),
(578, 'KIOSQUE LEBON 28 boulevard Côte-Blatin 63000 Clermont-Ferrand', '04 73 43 72 60', 'restaurant-dolet@crous-clermont.fr'),
(579, 'KIOSQUE ESTAING  2 rue de Braga 63000 Clermont-Ferrand', '0473344428', 'restaurant-dolet@crous-clermont.fr'),
(580, 'RESTO U\' DE L\'INSPE 36 avenue Jean-Jaurès 63400 Chamalières', '04 73 34 44 28', 'restaurant-dolet@crous-clermont.fr'),
(581, 'RESTO U\' DE L\'IUT IUT de Clermont-Ferrand - Campus des Cézeaux 63170 Aubière', '04 73 28 89 50', 'restaurant-cezeaux@crous-clermont.fr'),
(582, 'RESTO U\' JAUDE 11 Boulevard Charles de Gaulle 63000 Clermont Ferrand', '0473344428', 'restaurant-dolet@crous-clermont.fr'),
(583, 'Libre-service Copernic Express Champs-sur-Marne hall Copernic de l\'université - 5 boulevard Descartes 77420 Champs-sur-Marne', '', 'restaurant.champs-sur-marne@crous-creteil.fr'),
(584, 'RU Crous Club  10 boulevard Newton - 77420 Champs-sur-Marne', '', 'restaurant.champs-sur-marne@crous-creteil.fr'),
(585, 'RU La Pointe Jaune 61 av. du Général de Gaulle - 94000 Créteil', '', 'restaurant.creteil@crous-creteil.fr'),
(586, 'Libre-service Pointe Jaune Express 61 av. du Général de Gaulle - 94000 Créteil', '', 'restaurant.creteil@crous-creteil.fr'),
(587, 'RU Le Mondor 8 rue du Général Sarrail 94000 Créteil', '', 'restaurant.creteil@crous-creteil.fr'),
(588, 'RU L\'Arlequin Cachan 60 rue Camille Desmoulins - 94234 Cachan Cedex', '', 'restaurant.cachan@crous-creteil.fr'),
(589, 'Libre-service EFREI Express 30/32 avenue de la République 94800 Villejuif', '', 'restaurant.kremlin@crous-creteil.fr'),
(590, 'Libre-service de l\'IUT de Lieusaint Avenue Pierre Point - 77127 Lieusaint', '', 'restaurant.lieusaint@crous-creteil.fr'),
(591, 'Moovy Market 74 rue Marcel Cachin - 93000 Bobigny', '', 'restaurant.bobigny@crous-creteil.fr'),
(592, 'Libre-service KB Express 63 avenue Gabriel Peri, 94270 Kremlin-Bicêtre', '', 'restaurant.kremlin@crous-creteil.fr'),
(593, 'Libre-service ESIEE express 2, boulevard Blaise Pascal Cité DESCARTES BP 99 93162 Noisy le Grand CEDEX', '', 'restaurant.champs-sur-marne@crous-creteil.fr'),
(594, 'Arsonval Truck Libre-Service 5 rue d\'Arsonval 38000 Grenoble', '', ''),
(595, 'RU MINATEC 61 rue Esclangon 38000 Grenoble ,', '', ''),
(596, 'Mandela Café 63 rue Esclangon 38000 Grenoble ,', '', ''),
(597, 'Cafétéria Stendhal 1491 rue des universités  38400 St Martin Hères ,', '', ''),
(598, 'Libre-Service In Box  16-508 Rue de la Papeterie, 38610 Gières, France ,', '', ''),
(599, 'Jacob café 3 Rue Jean Baptiste Richard 73000 Jacob-Bellecombette ,', '', ''),
(600, 'Snacking Grimaldi U spuntinu  Campus Grimaldi ,', '', ''),
(601, 'RU Campus Mariani 22 Avenue Jean Nicoli 20250 Corte ,', '', ''),
(602, 'Cafétéria Les Aviateurs  10-12, avenue de l\'Europe - 78140 Vélizy-Villacoublay', '', ''),
(603, 'RU et snack Saint-Germain 5, rue Pasteur - 78100 Saint-Germain-en-Laye', '', ''),
(604, 'Cafétéria de l\'Institut de Biologie Bât. IBGBI, 23 boulevard de France, 91000 Évry', '', ''),
(605, 'Cafétéria Soft Rock - Vauban 1, boulevard d\'Alembert - 78280 Guyancourt', '', ''),
(606, 'Cafétéria Lieu de Vie  13, bis rue Joliot Curie - 91190 Gif-sur-Yvette ,', '', ''),
(607, 'Cafétéria Escoffier 22, cours Pierre Vasseur - 91120 Palaiseau', '', ''),
(608, 'Cafétéria L\'Expérimental 7-9, boulevard Thomas Gobert - 91120 Palaiseau ,', '', ''),
(609, 'RU Le VIP 1, allée de l\'Université - 92000 Nanterre', '', ''),
(610, 'RU La Terrasse 1, allée de l\'Université 92000 Nanterre', '', ''),
(611, 'RU Le Jardin 1, allée de l\'Université - 92000 Nanterre', '', ''),
(612, 'Snack Neuville 5, mail Gay-Lussac 95031 Cergy-Pontoise cedex', '', ''),
(613, 'Resto U\' Montmuzard 8b rue Recteur Marcel Bouchard - 21000 Dijon', '', 'restaurant.montmuzard@crous-bfc.fr'),
(614, 'Cafet\' Mansart 94 bd Mansart - 21 000 DIJON', '', ''),
(615, 'Resto U\' & Cafet\' Duvillard 2 Rue Ernest Duvillard, 90000 Belfort', '03 84 21 06 01', 'restauration-nfc@crous-bfc.fr'),
(616, 'Restaurant TILLY 3 rue 7ème Chasseur - 27000 Évreux', '02 32 22 65 16', 'resto-evreux@crous-normandie.fr'),
(617, 'Point de vente Panorapide Boulevard Siegfried - 76130 Mont St Aignan', '02 32 70 70 45', 'resto-panorama@crous-normandie.fr'),
(618, 'Cafétéria LEBON 25 rue Philippe Lebon, 76600 Le Havre', '02 32 74 40 41', 'resto-porteoceane@crous-normandie.fr'),
(619, 'Restaurant PASTEUR 3 rue Emile Leudet - 76000 Rouen', '02 32 76 95 00', 'resto-pasteur@crous-normandie.fr'),
(620, 'Cafétéria MARTAINVILLE 22 boulevard Gambetta - 76000 Rouen', '02 35 14 85 16', 'resto-martainville@crous-normandie.fr'),
(621, 'Cafétéria INSA 1060 avenue de l\'Université, 76800 Saint Etienne du Rouvray', '02 32 95 98 01', 'resto-madrillet@crous-normandie.fr'),
(622, 'Cafétéria CESI 80 rue Edmund Halley 76800 Saint-Etienne-du-Rouvray', '', ''),
(623, 'Restaurant LES COLONNADES Pôle universitaire d\'Alençon - Campus de Damingy - 61250 DAMIGNY', '02 33 80 51 50', 'ru.alencon@crous-normandie.fr'),
(624, 'Cafétéria de l\'IUT_ALENCON Pôle universitaire d\'Alençon-Campus de Damigny  - 61250 Damigny', '', ''),
(625, 'Cafétéria PFRS 2 rue des Rochambelles, 14000 CAEN', '02 31 56 63 50', 'ru.campus1@crous-normandie.fr'),
(626, 'Cafétéria du CHU Faculté de médecine de Caen, avenue de Côte de Nacre, 14000 Caen', '07.88.40.72.68', 'ru.campus1@crous-normandie.fr'),
(627, 'RU Thérèse Menot 24 allée de la cornue 87000 Limoges', '05 55 45 26 06', 'resto-u.menot@crous-limoges.fr'),
(628, 'Cafétéria de La Borie 185 avenue Albert Thomas', '05 55 45 26 36', 'cafet.laborie@crous-limoges.fr'),
(629, 'Cafétéria de la faculté de Droit 5 rue Félix Eboué 87031 Limoges', '', ''),
(630, 'Class\'crous campus gare Roubaix', '', 'antenne.roubaix@crous-lille.fr'),
(631, 'R.U. Schweitzer (Bethune) 1326 rue de l\'Universite , 62400 BETHUNE', '03.74.09.12.89', 'restaurant.schweitzer@crous-lille.fr'),
(632, 'R.U. de Boulogne 46 rue du Vivier , 62200 BOULOGNE SUR MER', '03 59 61 70 20', 'restaurant.boulogne@crous-lille.fr'),
(633, 'R.U. Mont Houy 1 Campus universitaire Le Mont Houy , 59300 AULNOY LEZ VALENCIENNES', '', 'restaurant.monthouy1@crous-lille.fr'),
(634, 'Cafeteria FDEG Université Les Tertiales, rue des cent tetes , 59300 VALENCIENNES', '03 59 61 70 86', 'restaurant.monthouy1@crous-lille.fr'),
(635, 'R.U. Barrois (cité sicentifique) Avenue Paul Langevin - Cité Scientifique , 59650 VILLENEUVE D\'ASCQ', '03 74 09 12 27', 'restaurant.barrois@crous-lille.fr'),
(636, 'Le Crous Gourmand (Lens) Rue de l\'université , 62300 LENS', '03 59 61 70 31', 'restaurant.lens@crous-lille.fr'),
(637, 'Cafeteria IAE 104 avenue du peuple Belge , 59000 LILLE', '03 74 09 13 13', 'restaurant.chatelet@crous-lille.fr'),
(638, 'Cafétéria MDE (cité scientifique) Avenue Carl Gauss - Cité scientifique , 59650 VILLENEUVE D\'ASCQ', '03 74 09 12 27', 'restaurant.barrois@crous-lille.fr'),
(639, 'Rubika 2 rue Péclet, 59499, VALENCIENNES', '03 59 61 70 65', 'restaurant.monthouy1@crous-lille.fr'),
(640, 'Café Culture Avenue Paul Langevin', '', 'restaurant.barrois@crous-lille.fr'),
(641, 'Cafétéria Skema Avenue Willy Brandt 59777 Lille', '03 74 09 13 13', 'restaurant.sully@crous-lille.fr'),
(642, 'Resto U\' Arsenal 2 Boulevard Armand Duportal, 31000 Toulouse', '05 62 25 62 53', 'restaurant.arsenal@crous-toulouse.fr'),
(643, 'Crous & go\' Le Canal 118 Route de Narbonne, 31077 Toulouse', '05 62 25 62 19', 'restaurant.rangueil@crous-toulouse.fr'),
(644, 'Resto U\' Lapérouse Place de Verdun, 81000 Albi', '05 63 48 16 92', 'contact.albi@crous-toulouse.fr'),
(645, 'Cafet\' Ensat Avenue de l\'Agrobiopôle, 31326 CASTANET-TOLOSAN', '05 61 12 63 37', 'restaurant.ensat@crous-toulouse.fr'),
(646, 'Cafet\' Arsenal 2 boulevard Armand Duportal, 31000 Toulouse', '05 62 25 62 71', 'restaurant.arsenal@crous-toulouse.fr'),
(647, 'Resto U\' Blagnac 5 rue George Sand, 31700 Blagnac', '05 61 12 55 00', 'restaurant.blagnac@crous-toulouse.fr'),
(648, 'Cafet\' La Boussole Place de Verdun, 81000 Albi', '05 63 48 16 92', 'contact.albi@crous-toulouse.fr'),
(649, 'Crous & go\' La Cantine 5 Allée Antonio Machado, 31100 Toulouse', '05 61 12 55 78', 'restaurant.mirail@crous-toulouse.fr'),
(650, 'Cafétéria Le Patio Bâtiment le Patio 22 rue Descartes - RDC 67000  Strasbourg ,', '', ''),
(651, 'Resto U\' de l\'IUT Mulhouse 61 rue Albert Camus 68093  Mulhouse ,', '', ''),
(652, 'Cafétéria de la Fonderie Rue de la Fonderie 68100  Mulhouse ,', '', ''),
(653, 'Cafétéria de la Fac de Droit 1 Place d\'Athènes ,', '', ''),
(654, 'L\'Annexe 23 rue du Jura 67000 Strasbourg ,', '', ''),
(655, 'La Gabare 10 rue Anne de Bretagne  41000 Blois ,', '', ''),
(656, 'RU Turly 74 rue de Turly 18000 Bourges ,', '', ''),
(657, 'La cafet d\'Annie 78 espace Mendès France 36000 Châteauroux ,', '', ''),
(658, 'Café\'Bulle ,', '', ''),
(659, 'Pizzeria le Borsalino Campus 45000 Orléans ,', '', ''),
(660, 'Guignebaud 3 rue des africains  45000 Orléans ,', '', ''),
(661, 'Brasserie de grandmont Parc grandmont - avenue monge 37200 Tours ,', '', ''),
(662, 'Cafétéria MDE Parc grandmont - avenue d\'arsonval 37200 Tours ,', '', ''),
(663, 'Cafétéria La Riche 45 rue de la Parmentière 37520 La Riche ,', '', ''),
(664, 'Resto U Hélios 2240 route des Lucioles 06410 Biot', '', ''),
(665, 'Cafétéria Le Béal RN 98 83130 La Garde', '', ''),
(666, 'Cafétéria Méliès 216 avenue Francis Tonner 06150 Cannes ,', '', ''),
(667, 'Cafet\' Escale 3 boulevard Lavoisier - 49000 Angers ,', '', ''),
(668, 'Crous\'Truck Ecole Centrale 1 rue de la Noë- 44300 Nantes ,', '', ''),
(669, 'Resto U\' Ricordeau 1 place Alexis Ricordeau - 44000 Nantes ,', '', ''),
(670, 'Resto U\' Le Tertre 4 route de la Jonelière - 44300 Nantes ,', '', ''),
(671, 'Resto U\' La Gabare 55 quai Félix Faure - 49100 Angers ,', '', ''),
(672, 'Cafet\' Ambroise Croizat 26 rue Roger Amsler - 49000 Angers ,', '', ''),
(673, 'Resto U\' Aubépin 4 rue Georges Charpak - 53810 Changé ,', '', ''),
(674, 'Resto U\' Bartholdi  1 rue Démocrite - 72000 Le Mans ,', '', ''),
(675, 'Cafet\' Lettres Le Mans Avenue Olivier Messiaen - 72000 Le Mans ,', '', ''),
(676, 'Cafet\' Le P@tio 30 rue de la Haute Fôret - 44300 Nantes ,', '', ''),
(677, 'Cafet\' UFR Sciences Nantes 2 rue de la Houssinière - 44300 Nantes ,', '', ''),
(678, 'Cafet\' Lettres Angers 11 boulevard Lavoisier - 49000 Angers ,', '', ''),
(679, 'Cafet\' La Gabare 55 quai Félix Faure - 49100 Angers ,', '', ''),
(680, 'Cafet\' IUT La Roche-surYon 56 boulevard Gaston Defferre - 85000 Roche sur Yon ,', '', ''),
(681, 'Salle administrative - Resto U\' La Gabare 55 quai Félix Faure - 49100 Angers ,', '', ''),
(682, 'Brasserie La Courtaisière 56 boulevard Gaston Defferre - 85000 La Roche sur Yon ,', '', ''),
(683, 'Vente à emporter - Resto U\' Terte 4 route de la Jonelière - 44300 Nantes ,', '', ''),
(684, '(S)pace Brabois 9 avenue de la Forêt de Haye, 54500 Vandoeuvre-lès-Nancy', '', ''),
(685, 'Resto U\' Médreville 73, rue de Laxou 54000 NANCY', '', ''),
(686, 'Market\' Rimbaud \\\\u00cele du Saulcy CS 60587 57010 METZ cedex 01', '', ''),
(687, 'Resto U\' La Louvière 9, rue de la Louvière 88000 EPINAL', '', ''),
(688, 'Resto U\' le Métronome Avenue de la Bataille Flandres-Dunkerque  35000 Rennes', '02 99 59 17 82', 'ru.villejean1@crous-rennes.fr'),
(689, 'Resto U\' l\'Ereve Place du recteur Henri Le Moal  35 000 Rennes', '02 99 59 35 63', 'ru.villejean2@crous-rennes.fr'),
(690, 'Resto U\' Mélénik 148 Boulevard de Verdun, RENNES', '02 99 59 50 74', 'ru.villejean1@crous-rennes.fr'),
(691, 'Crous Market\' IUT Vannes 10 rue Montaigne,  Vannes', '02 97 40 90 62', 'ru.vannes@crous-rennes.fr'),
(692, 'Resto U\' Kercado  78 Rue des Vénètes, VANNES', '02 97 46 09 08', 'ru.vannes@crous-rennes.fr'),
(693, 'Resto U\' Ker Ys 4 rue de l\'Université  BP 1722  29107 QUIMPER cedex', '02 98 90 61 18', 'ant.quimper@crous-rennes.fr'),
(694, 'Resto U\' Armen 2 bis, Av. Le Gorgeu  29287 BREST cedex', '02 98 03 39 21', 'ru.armen@crous-rennes.fr'),
(695, 'Resto U\' IBRBS 22 avenue Camille Desmoulins', '02 98 01 70 94', 'ru.brest@crous-rennes.fr'),
(696, 'Crous Market\' IUT St-Malo rue de la Croix Dessiles, Saint-Malo', '', ''),
(697, 'Crous Market\' Kergoat 1 rue commandant Paul VIBERT 29200 Brest', '', ''),
(698, 'Crous Market\' Santé 2 avenue Léon Bernard, Rennes ,', '', ''),
(699, 'RU Hippolyte Foucque 20, rue Hippolyte Foucque - 97490 Sainte-Clotilde', '', 'restauration.nord@crous-reunion.fr'),
(700, 'Cafétéria du Tampon', '', 'restauration.sud@crous-reunion.fr'),
(701, 'Brasserie Odontologie 545 avenue professeur jean louis viala ,', '', ''),
(702, 'Cafet\' Campus 205 rue de la Chênaie - 34090 Montpellier ,', '', ''),
(703, 'Cafet\' Droit Rue de l\'université - 34000 Montpellier', '', ''),
(704, 'Cafet\' Caférium 186 chemin du Carreau de Lanes - 30900 Nîmes', '', ''),
(705, 'Cafet\' Parenthèse 8 rue Jules Raimu - 30900 Nîmes', '', ''),
(706, 'Cafet\' Hoche place Gaston Doumergue 30 000 Nîmes ,', '', ''),
(707, 'Brasserie La Pinède 5 rue du Docteur Georges Salan', '', 'ru.nimes@crous-montpellier.fr'),
(708, 'Cafétéria Campus Mailly 11 rue Emile Zola, RDC de l\'Hôtel Delacroix ,', '', ''),
(709, 'Cafétéria Bistrot de Roanne 12 avenue de Paris  - 42300 Roanne', '06 10 09 68 11', 'restaurant.saint-etienne@crous-lyon.fr'),
(710, 'Restaurant Descartes 15 parvis René Descartes - 69007 Lyon', '04 37 37 61 94', 'restaurant.ens@crous-lyon.fr'),
(711, 'Restaurant des Quais 94 rue Pasteur - 69007 Lyon', '04 72 80 17 44', 'restaurant.quais@crous-lyon.fr'),
(712, 'Cafétéria IUT à Saint-Étienne 28 avenue Léon Jouhaux - 42023 Saint-Étienne', '04 77 30 33 00', 'restaurant.saint-etienne@crous-lyon.fr'),
(713, 'Cafétéria Le Studio 1 rue de le technologie - 69 100 Villeurbanne ,', '', ''),
(714, 'Cafétéria Monod  47 allée d\'Italie - 69007 Lyon', '04 72 72 80 40', 'restaurant.ens@crous-lyon.fr'),
(715, 'Cafétéria Montperrin 26 rue du Pigonnet - 13090 Aix-en-Provence', '', ''),
(716, 'La Crouzzéria 31 avenue Jules Ferry - 13621 Aix-en-Provence cedex 1 ,', '', ''),
(717, 'RU École Centrale Chemin de la Grave - 13013 Marseille', '', ''),
(718, 'RU Saint-Jérôme Avenue Henri Poincaré - 13397 Marseille cedex 4', '', ''),
(719, 'Cafétéria de l\'IUT Chemin des Géraniums - 13014 Marseille', '', ''),
(720, 'RU Lettres 29 avenue Robert Schumann 13621 Aix-en-Provence cedex 1 ,', '', ''),
(721, 'Cafétéria Hexagone 171 avenue de Luminy - 13009 Marseille ,', '', ''),
(722, 'RU IAE Clos Guiot - Puyricard - CS 30063 - 13089 Aix-en- Provence cedex 2', '', ''),
(723, 'Cafet\' Inspé Chemin de Launay Violette - 44300 Nantes ,', '', ''),
(724, 'Salle administrative - Resto U\' Le Tertre 4 route de la Jonelière - 44300 Nantes ,', '', ''),
(725, 'Cafet\' Santé   9 rue Bias - 44000 Nantes ,', '', ''),
(726, 'Resto U\' La Courtaisière 56 boulevard Gaston Defferre - 85000 La Roche-sur-Yon ,', '', ''),
(727, 'Resto U\' Heinlex 62 rue Michel Ange - 44600, Saint Nazaire ,', '', ''),
(728, 'Cafet\' UFR Droit Nantes Chemin de la Censive du Tertre - 44300 Nantes ,', '', ''),
(729, 'Crous\'Truck IFM3R 54 Rue de la Baugerie, 44230 Saint-Sébastien-sur-Loire ,', '', ''),
(730, 'Resto U\' Enseeiht  2 rue Camichel, 31071 Toulouse', '05 61 12 54 88', 'restaurant.enseeiht@crous-toulouse.fr'),
(731, 'Cafet\' des Puits Creusés 2 Ter rue des puits creusés, 31000 Toulouse', '07 72 24 44 08', 'restaurant.arsenal@crous-toulouse.fr'),
(732, 'Resto U\' Le Théorème 118 Route de Narbonne, 31077 Toulouse', '05 62 25 62 09', 'restaurant.rangueil@crous-toulouse.fr'),
(733, 'Cafet\' Insa 135 avenue de Rangueil, 31077 Toulouse', '05.61.55.96.15', 'restaurant.insa@crous-toulouse.fr'),
(734, 'Cybercafé (RU Illberg) 5 rue Alfred Werner 68000 Mulhouse ,', '', ''),
(735, 'Resto U\' Paul Appell 23 rue du Jura 67000 Strasbourg ,', '', ''),
(736, 'Resto U\' de l\'Illberg 5 rue Alfred Werner 68093 Mulhouse ,', '', ''),
(737, 'Kiosque (RU Esplanade) 32 boulevard de la Victoire 67000 Strasbourg ,', '', ''),
(738, 'Cafet\' Tarbes 39 rue Vincent Scotto, 65000 Tarbes', '05 62 44 65 65', 'contact.tarbes@crous-toulouse.fr'),
(739, 'Cafet\' Le Célé IUT de Figeac, Avenue de Nayrac, 46100 Figeac', '05 65 50 06 80', 'contact.figeac@crous-toulouse.fr'),
(740, 'Cafet\' MFJA 1 Rue Tarfaya, 31400 Toulouse ,', '', ''),
(741, 'RESTO U\' LE MANEGE 11 rue d\'Amboise 63000 Clermont-Ferrand', '04 73 43 72 59', 'restaurant-dolet@crous-clermont.fr'),
(742, 'CAFETERIA LA TERRASSE 25 rue Etienne-Dolet 63037 Clermont-Ferrand Cedex 1', '04 73 34 44 28', 'restaurant-dolet@crous-clermont.fr'),
(743, 'RESTO U\'  LE DUNANT Facultés de Médecine et de Pharmacie - CHU Gabriel-Montpied - 28 place Henri-Dunant 63000 Clermont-Ferrand', '04 73 34 44 15', 'restaurant-dolet@crous-clermont.fr'),
(744, 'RESTO U\'  PLAT\'OCEZO Campus des Cézeaux 63170 Aubière', '04 73 28 89 50', 'restaurant-cezeaux@crous-clermont.fr'),
(745, 'RESTO U\' MONTLUCON Allée Jean-Jacques-Soulier 03100 Montluçon', '04 70 08 35 40', 'restaurant-montlucon@crous-clermont.fr'),
(746, 'CROUS & GO\' LE SAXO Maison de la Vie Etudiante (MVE) - Campus universitaire des Cézeaux 63170 Aubière', '04 73 28 89 50', 'restaurant-cezeaux@crous-clermont.fr'),
(747, 'KIOSQUE CRATERE 26 avenue Léon-Blum 63000 Clermont-Ferrand', '04 73 34 44 28', 'restaurant-dolet@crous-clermont.fr'),
(748, 'KIOSQUE LE DUNANT 28 place Henri-Dunant 63000 Clermont-Ferrand', '04 73 34 44 15', 'restaurant-dolet@crous-clermont.fr'),
(749, 'CROUS TRUCK\' Campus des Cézeaux - devant la Maison de la Vie Etudiante ,', '', ''),
(750, 'Cafétéria Institut Catholique de Paris 21 rue d\'Assas 75006 Paris ,', '', ''),
(751, 'Cafétéria Malesherbes 108 boulevard Malesherbes 75017 Paris ,', '', ''),
(752, 'Cafétéria Vaugirard 391 rue de Vaugirard 75015 Paris ,', '', ''),
(753, 'Cafétéria ENSA Paris Belleville 60 boulevard de la Villette, 75019 Paris ,', '', ''),
(754, 'Cafétéria Quai de Seine Port de la Gare, Quai François Mauriac - 75013 Paris ,', '', ''),
(755, 'Cafétéria Dauphine 2 boulevard Lannes 75016 Paris ,', '', ''),
(756, 'Restaurant administratif Nation 8 Avenue de Saint-Mandé, 75012 Paris, France ,', '', ''),
(757, 'Cafétéria de Droit Campus 45000 Orléans ,', '', ''),
(758, 'Cafétéria de l\'IUT ,', '', ''),
(759, 'L\'Anatidé Campus 45000 Orléans ,', '', ''),
(760, 'Le Bistrot Campus 45000 Orléans ,', '', ''),
(761, 'Le Lac Campus 45000 Orléans ,', '', ''),
(762, 'RU Lahitolle 15 rue Maurice Roy 18000 Bourges ,', '', ''),
(763, 'Cafétéria Lahitolle 15 rue Maurice Roy 18000 Bourges ,', '', ''),
(764, 'Sandwicherie Le P\'tit Béal RN 98 83130 La Garde', '', ''),
(765, 'Resto U Montebello 96 avenue de Valrose 06106 Nice', '', ''),
(766, 'Resto U Skema 60 avenue Dostoïevski 06902 Sophia-Antipolis', '', ''),
(767, 'Resto U L\'Escarpe 35 avenue Alphonse Daudet 83000 Toulon', '', ''),
(768, 'Sandwicherie Le Rouge et le Noir RN 98 83130 La Garde', '', ''),
(769, 'RU ESIEE 2, boulevard Blaise Pascal Cité DESCARTES BP 99 93162 Noisy le Grand CEDEX', '', 'restaurant.champs-sur-marne@crous-creteil.fr'),
(770, 'Libre-service Forum Express Avenue J.B. Clément - 93430 Villetaneuse', '', 'restaurant.villetaneuse@crous-creteil.fr'),
(771, 'RU Arlequin Champs-sur-Marne 5 bd Descartes - 77420 Champs-sur-Marne', '', 'restaurant.champs-sur-marne@crous-creteil.fr'),
(772, 'Cafétéria Café expo Avenue J.B. Clément - 93430 Villetaneuse', '', 'restaurant.villetaneuse@crous-creteil.fr'),
(773, 'Cafétéria Galilée Avenue J.B. Clément - 93430 Villetaneuse', '', 'restaurant.villetaneuse@crous-creteil.fr'),
(774, 'La Cafétéria du Gai Savoir - Bâtiment A  Campus de St Denis 2 rue de la Liberté - 93200 Saint-Denis', '', 'restaurant.paris8@crous-creteil.fr'),
(775, 'Cafétéria d\'Arsonval (Fermé actuellement) 5 rue d\'Arsonval 38000 Grenoble', '', ''),
(776, 'Kiosque Green-ER 21 Avenue des Martyrs 38000 Grenoble ,', '', ''),
(777, 'Cafétéria  INSPE 30 avenue Marcelin Berthelot 38000 Grenoble', '', ''),
(778, 'Cafétéria Jacob Restaurant universitaire Jacob-Bellecombette   Rue Robert  Barr 73 000 Jacob-Bellecombette ,', '', ''),
(779, 'RU Tom Morel Domaine universitaire 74940 Annecy Le Vieux', '', ''),
(780, 'BriffO\' 32 rue Barthelemy de Laffemas 26000 Valence', '', ''),
(781, 'Pizzeria de l\'Hélice Avenue du lac d\'annecy 73370 le Bourget du Lac ,', '', ''),
(782, 'Crous Cafet\' de l\'IEP 11 allée Ausone 33600 Pessac ,', '', ''),
(783, 'Crous Market\' Périgueux rue du Doyen Lajugie 24000 PERIGUEUX', '', ''),
(784, 'Restaurant la Passerelle Avenue Léon Duguit, 33600 Pessac', '05 56 80 67 55', 'ru-passerelle@crous-bordeaux.fr'),
(785, 'Crous Cafet\' le Forum 2 avenue Léon Duguit à Pessac', '', ''),
(786, '(S)pace\' Campus - Resto U\' 18 avenue de Bardanac à Pessac', '', ''),
(787, 'Crous Moovy Market\' #2 Parvis de l\'Université Bordeaux Montaigne 33600 Pessac', '', ''),
(788, 'Cafétéria Le Philanthrope Rue du Port à Bateaux, Compiègne', '03.22.71.91.49', 'ru.pab.secretariat@crous-amiens.fr'),
(789, 'Cafétéria UniLaSalle Amiens 14 quai de la Somme, 80000 AMIENS', '03.22.43.54.83', 'ru.amiens-centre.secretariat@crous-amiens.fr'),
(790, 'Restaurant administratif de la Rotonde chemin du Thil, 80000 AMIENS', '03.22.89.14.27', 'ru.amiens-sud.secretariat@crous-amiens.fr'),
(791, 'Restaurant Universitaire de Fouillole Campus de Fouillole', '0590894648', 'resto-fouillole@crous-antillesguyane.fr'),
(792, 'Buvette de la bibliothèque universitaire Campus de Schoelcher', '0596615355', 'resto-schoelcher@crous-antillesguyane.fr'),
(793, 'Cafétéria Descartes 45, avenue des États-Unis - 78000 Versailles', '', ''),
(794, 'Cafétéria Le Tropical Bâtiment 406, rue Claude Bernard - 91400 Orsay', '', ''),
(795, 'RU Saint-Martin 13, avenue du Général Schmitz 95300 Pontoise cedex', '', ''),
(796, 'RU Neuville  5, mail Gay-Lussac - 95031 Cergy-Pontoise', '', ''),
(797, 'RU de l\'IUT Ville d\'Avray 1, chemin Desvallières - 92410 Ville d\'Avray ,', '', ''),
(798, 'RU Le Boomerang Chemin de la Tuilerie - 91220 Brétigny-sur-Orge', '', ''),
(799, 'Brasserie La Palette 3, rue de la division Leclerc - 78280 Guyancourt', '', ''),
(800, 'Brasserie La Coulée Verte 54, boulevard Desgranges - 92330 Sceaux', '', ''),
(801, 'Cafétéria Jean Monnet 54, boulevard Desgranges - 92330 Sceaux', '', ''),
(802, 'Cafétéria de la BU Bibliothèque de l\'université - 92000 Nanterre', '', ''),
(803, 'Caféteria Le Boomerang Chemin de la Tuilerie 91220 Brétigny-sur-Orge', '', ''),
(804, 'Cafétéria l\'Asiatique 200, avenue de la République - 92000 Nanterre', '', ''),
(805, 'Cafétéria Henri Moissan 15, avenue des Sciences, 91190 Gif-sur-Yvette', '', ''),
(806, 'Resto U\' Mansart 94 boulevard Mansart - 21000 DIJON', '', ''),
(807, 'Resto U\' du Creusot Avenue Jean Monnet', '0345164000', 'site.lecreusot@crous-bfc.fr'),
(808, 'Brasserie la Cantine 6 avenue Alain Savary - 21 000 DIJON', '0625480349', 'restaurant.montmuzard@crous-bfc.fr'),
(809, 'Resto U\' & Cafet\' Hauts du Chazal 22 rue ambroise paré, 25000 besancon', '03 81 48 45 45', 'pole-restauration-besancon@crous-bfc.fr'),
(810, 'Resto U\' Sévenans et cafet Seven\'go Esplanade de l\'UTBM, 90400 Sévenans', '03 84 21 95 35', 'restauration-nfc@crous-bfc.fr'),
(811, 'Crous\'ty Truck Esplanade Erasme - 21000 DIJON ,', '', ''),
(812, 'L\'Arsenal 13 rue de l\'Orme de chamars, Besançon ,', '', ''),
(813, 'Restaurant MARTAINVILLE 22 boulevard Gambetta - 76000 Rouen', '02 35 14 85 16', 'resto-martainville@crous-normandie.fr'),
(814, 'Cafétéria PASTEUR 3 rue Emile Leudet - 76000 Rouen', '02 35 76 95 00', 'resto-pasteur@crous-normandie.fr'),
(815, 'Brasserie de l\'ESIGELEC Technopole du Madrillet, avenue Galilée - 76800 Saint Etienne du Rouvray', '02 32 91 59 18', 'resto-madrillet@crous-normandie.fr'),
(816, 'Cafétéria HSC Avenue de la Cavée - 14200 Hérouville-St-Clair', '02 31 46 74 74', 'lebisey@crous-normandie.fr'),
(817, 'Cafétéria ESIGELEC ,', '', ''),
(818, 'Brasserie PORTE OCEANE 30 rue Demidoff - 76600 Le Havre', '02.35.53.29.12', 'resto-porteoceane@crous-normandie.fr'),
(819, 'Cafétéria LAVOISIER Rue Lavoisier - 76130 Mont Saint Aignan', '', ''),
(820, 'Brasserie LA BOISERIE 33 rue du Maréchal Juin, 76130 MONT SAINT AIGNAN', '02 35 74 06 38', 'resto-bois@crous-normandie.fr'),
(821, 'Restaurant C Lébisey 7/9/10 rue du Recteur Daure -14000 Caen', '02.31.46.74.74', 'lebisey@crous-normandie.fr'),
(822, 'Cafétéria l\'APOSTROPHE Rue du Magasin à Poudre, 14000 Caen', '02 31 56 63 50', 'ru.campus1@crous-normandie.fr'),
(823, 'Cafétéria LE MAMBO site de Lébisey, 114-116 rue de Lébisey 14070 Caen Cedex 5', '02 31 46 74 74', 'lebisey@crous-normandie.fr'),
(824, 'Cafétéria Bâtiment G Bâtiment Simone Veil 200, avenue de la République - 92000 Nanterre ,', '', ''),
(825, 'Cafétéria Le Millénium 1 allée de l\'Université - 92000 Nanterre', '', ''),
(826, 'RU Brive 21 rue André DEVAUD', '05 55 87 07 17', 'resto-u.brive@crous-limoges.fr'),
(827, 'RU Egletons Boulevard de Touvent 19300 EGLETONS', '05 55 93 96 00', 'resto-u.egletons@crous-limoges.fr'),
(828, 'Cafétéria du Mont Houy 2 Campus universitaire Le Mont Houy', '03 59 61 70 67', 'restaurant.monthouy2@crous-lille.fr'),
(829, 'Cafétéria la Terrasse Chem. du Marquage, 62800 Liévin', '', 'restaurant.lens@crous-lille.fr'),
(830, 'R.U. Le Rambouillet  (Cambrai) 4 rue de Rambouillet , 59400 CAMBRAI', '03 59 61 70 84', 'restaurant.rambouillet@crous-lille.fr'),
(831, 'R.U. Chatelet (Lille CHR) 2 rue rue Frederic Combemale , 59000 LILLE', '03.74.09.13.13', 'restaurant.chatelet@crous-lille.fr'),
(832, 'RU Longuenesse Avenue Descartes , 62219 LONGUENESSE', '03 59 61 70 24', 'restaurant.longuenesse@crous-lille.fr'),
(833, 'Cafeteria FLLASH Campus universitaire Le Mont Houy - Bat. FLLASH   59300 AULNOY LEZ VALENCIENNES', '03 59 61 70 63', 'restaurant.monthouy1@crous-lille.fr'),
(834, 'Brasserie \'Les 3 Lacs\' (campus Pont de Bois) 2 rue du Barreau , 59650 VILLENEUVE D\'ASCQ', '03 74 09 11 71', 'restaurant.flers@crous-lille.fr'),
(835, 'Cafeteria Le Recueil (Lille I) 21 rue de la Recherche , 59650 VILLENEUVE D\'ASCQ', '03 74 09 12 59', 'restaurant.recueil@crous-lille.fr'),
(836, 'R.U. Sully (Lille I) Avenue Paul Langevin - Cité Scientifique , 59650 VILLENEUVE D\'ASCQ', '03 74 09 12 65', 'restaurant.sully@crous-lille.fr'),
(837, 'Cafétéria du Sully Avenue Paul Langevin - Cité Scientifique , 59650 VILLENEUVE D\'ASCQ', '03 74 09 12 65', 'restaurant.sully@crous-lille.fr'),
(838, 'Cafete des sports 180 avenue Gaston Berger , 59000 LILLE', '03.74.09.13.13', 'restaurant.chatelet@crous-lille.fr'),
(839, 'La Pastella (Lille III) 2 rue du Barreau , 59650 VILLENEUVE D\'ASCQ', '', 'restaurant.flers@crous-lille.fr'),
(840, 'Sandwicherie O Kiosk (Lille I) Avenue Paul Langevin - Cité Scientifique , 59650 VILLENEUVE D\'ASCQ', '03 74 09 12 54', 'restaurant.pariselle@crous-lille.fr'),
(841, 'R.U. Champlain 9 rue Théodore Lefebvre - Bâtiment A7 - 86000 POITIERS', '05.49.44.53.80', 'direction.ru.rabelais@crous-poitiers.fr'),
(842, 'R.U. Breuty Bois de Breuty - La Croix du Milieu 16400 La Couronne', '05.45.25.51.51', 'restaurant.breuty@crous-poitiers.fr'),
(843, 'Brasserie le Nil 138 route de Bordeaux 16000 Angoulême', '05.45.25.51.51', 'restaurant.breuty@crous-poitiers.fr'),
(844, 'SNACK\'N SWING 5 rue de la Devinière - Bâtiment B11 - 86000 POITIERS', '05.49.44.53.80', 'direction.ru.rabelais@crous-poitiers.fr'),
(845, 'La Rochelle BRASSERIE ANTINEA 15 rue Vaux de Foletier 17000 LA ROCHELLE', '05.46.28.21.45', 'restaurant.antinea@crous-poitiers.fr'),
(846, 'CROUS AND GO - Point de Collecte - ,', '', ''),
(847, 'Resto U Paul Fort 8 Bd Franchet D\'Esperey, 51100 Reims ,', '', ''),
(848, 'Resto U ENSAM 2 rue Saint-Dominique, 51000 Châlons-en-Champagne', '', ''),
(849, 'Resto U Maison des étudiants 38 Rue de Monjoly, 08000 Charleville-Mézières ,', '', ''),
(850, 'Resto U Moulin Le Blanc 3 Bd Jean Delautre, 08000 Charleville-Mézières ,', '', ''),
(851, 'Cafétéria Hôtel Dieu Place du Préau ,', '', ''),
(852, 'Resto U\' Vert-Bois 205 rue de la Chênaie - 34000 Montpellier', '04 67 63 66 45', 'ru.vertbois@crous-montpellier.fr'),
(853, 'Brasserie Boutonnet 2 rue Emile Duployé - 34000 Montpellier', '06 23 90 66 83', 'ru.boutonnet@crous-montpellier.fr'),
(854, 'Cafet\' St Charles  Rue du Professeur Henri Serre - 34090 Montpellier', '04 67 72 90 80', 'ru.boutonnet@crous-montpellier.fr'),
(855, 'Cafet\' Aquarium 54 avenue Paul Alduy - 66000 Perpignan', '', ''),
(856, 'Cafet\' Richter 80 rue Brumaire 34000 Montpellier', '04 67 15 84 47', 'ru.richter@crous-montpellier.fr'),
(857, 'Resto U\' Stanislas-Meurthe 17, boulevard d\'Austrasie 54000 NANCY', '', ''),
(858, 'Resto U\' Vélodrome Boulevard des Aiguilettes 54500 VANDOEUVRE-LÈS-NANCY', '', ''),
(859, 'Resto U\' Bridoux 88, rue Claude Bernard 57070 METZ', '03 87 37 50 00', 'restauration@crous-lorraine.fr / assistance-izly@crous-lorraine.fr'),
(860, 'Resto U\' Verlaine \\\\u00cele du Saulcy CS 60587 57010 METZ cedex 01', '', ''),
(861, 'Resto U\' Campus Bois 27 bis, rue Philippe Séguin 88000 ÉPINAL', '', ''),
(862, 'Cafétéria Cybercafé de la Doua 24 avenue Gaston Berger - 69100 Villeurbanne', '04 72 44 79 52', 'restaurant.doua@crous-lyon.fr'),
(863, 'Cafétéria Bistrot de la Manu 6 rue Professeur Rollet - 69 008 Lyon', '04 72 78 98 74', 'restaurant.manufacture@crous-lyon.fr'),
(864, 'Cafétéria des Sciences à Saint-Étienne 23 rue Paul Michelon - 42023 Saint-Étienne Cedex 02', '04 77 30 33 00', 'restaurant.saint-etienne@crous-lyon.fr'),
(865, 'Cafétéria le Labo  11 rue Guillaume Paradin - 69008 Lyon', '', ''),
(866, 'Resto U\' INSA 20 avenue des Buttes de Coesmes 35700 Rennes', '', 'ru.beaulieu@crous-rennes.fr'),
(867, 'Resto U\' Hoche 2 rue Lesage, Rennes', '02 99 84 30 98', 'ru.rennes.centre@crous-rennes.fr'),
(868, 'Resto U\' Fougères 46 rue Jean Guéhenno  35 000 RENNES', '02 99 38 03 22', 'ru.rennes.centre@crous-rennes.fr'),
(869, 'Resto U\' Astrolabe Allée Jean d\'Alembert, Rennes', '02 99 87 07 18', 'ru.beaulieu2@crous-rennes.fr'),
(870, 'Resto U\' Trégor 1, Rue Langonaval BP 80 313  22302 LANNION cedex', '02 96 48 43 31', 'ant.lannionbranly@crous-rennes.fr'),
(871, 'Resto U\' & Crous Market\' Mazier Esplanade des Prix Nobel, Saint-Brieuc', '02.96.52.15.10.', 'ant.stbrieuc@crous-rennes.fr'),
(872, 'Crous Market\' Astrolabe Allée Jean d\'Alembert, Rennes', '', ''),
(873, 'Resto U\' Plouzané 260 avenue de Rochon 29280 Plouzane', '02 98 05 95 95', 'ru.plouzane@crous-rennes.fr'),
(874, 'Crous Market\' Centre 7 avenue foch 29200 Brest', '', ''),
(875, 'Le Rapido Avenue René Cassin Sainte-Clotilde 97490', '', 'restauration.nord@crous-reunion.fr');

-- --------------------------------------------------------

--
-- Structure de la table `favoris`
--

CREATE TABLE `favoris` (
  `id` int(11) NOT NULL,
  `user_id` int(11) NOT NULL,
  `restaurant_id` int(11) NOT NULL
) ENGINE=InnoDB DEFAULT CHARSET=utf8;

--
-- Déchargement des données de la table `favoris`
--

INSERT INTO `favoris` (`id`, `user_id`, `restaurant_id`) VALUES
(2, 9, 756),
(26, 9, 320),
(27, 9, 755),
(28, 9, 804),
(29, 18, 14),
(30, 18, 753),
(31, 19, 753),
(32, 19, 425),
(33, 20, 425),
(34, 20, 753);

-- --------------------------------------------------------

--
-- Structure de la table `message`
--

CREATE TABLE `message` (
  `id` int(11) NOT NULL,
  `utilisateur_id` int(11) DEFAULT NULL,
  `messageEnv` text
) ENGINE=InnoDB DEFAULT CHARSET=utf8;

--
-- Déchargement des données de la table `message`
--

INSERT INTO `message` (`id`, `utilisateur_id`, `messageEnv`) VALUES
(27, 18, 'BONJOUR'),
(28, 11, 'J\'AIME LES CHEVRE'),
(29, 19, 'HELLO');

-- --------------------------------------------------------

--
-- Structure de la table `utilisateur`
--

CREATE TABLE `utilisateur` (
  `ID` int(11) NOT NULL,
  `nom` text NOT NULL,
  `email` text NOT NULL,
  `mdp` text NOT NULL
) ENGINE=InnoDB DEFAULT CHARSET=utf8;

--
-- Déchargement des données de la table `utilisateur`
--

INSERT INTO `utilisateur` (`ID`, `nom`, `email`, `mdp`) VALUES
(4, 'OUM', 'OUM@GMAIL.COM', '$2y$10$bUGl2ReqWaLRiHPvC17p9ODL2ORpZ/Gx1Rs3NdfKRh.N0sue1/MKy'),
(5, 'OUM', 'OUM@GMAIL.COM', '$2y$10$ZHgYPxuf90J5HoQ8RcA0nuepfoj7POKH0KFWq.tOxD0yDgMOJn5Ky'),
(8, 'oum', 'oumi@gmail.com', 'da0368fd950d7110988b69a962c295a2f0a00c0e'),
(9, 'Isra', 'isra@gmail.com', 'd85a3284512d19cefbbaa8829b18054b2c0fa723'),
(10, 'oum', 'oumsssi@gmail.com', '1e3633c9d2260d5131566a467958c05cf97aad1a'),
(11, 'ines', 'ines@gmail.com', 'fd8db66f2f05d9b8731c71baaceec582265a8fa1'),
(12, 'lina', 'lina@gmail.com', '1ceea5aafbb637c63f1f2ffd35ea6919cbc8da14'),
(13, 'lina', 'linaa@gmail.com', '1ceea5aafbb637c63f1f2ffd35ea6919cbc8da14'),
(14, 'amira', 'amira@gmail.com', 'b2bc4dc08b0592b166b1bbdcefe8d1ae090f99c7'),
(15, 'isra', 'isra_@gmail.com', 'd85a3284512d19cefbbaa8829b18054b2c0fa723'),
(16, 'INES', 'aa@gmail.com', 'fd8db66f2f05d9b8731c71baaceec582265a8fa1'),
(17, 'ines', 'iness@gmail.com', 'fd8db66f2f05d9b8731c71baaceec582265a8fa1'),
(18, 'isra', 'israaa@gmail.com', 'd85a3284512d19cefbbaa8829b18054b2c0fa723'),
(19, 'alaa', 'alaa@gmail.com', '51e95a9c1f223e2426068800254ddc87aa99c29d'),
(20, 'winnie', 'winnielourson@gmail.com', '32c21ad2646d96301f8519ccf1738fc45c42d359');

--
-- Index pour les tables déchargées
--

--
-- Index pour la table `donneecrous`
--
ALTER TABLE `donneecrous`
  ADD PRIMARY KEY (`ID`);

--
-- Index pour la table `favoris`
--
ALTER TABLE `favoris`
  ADD PRIMARY KEY (`id`),
  ADD KEY `user_id` (`user_id`),
  ADD KEY `fk_favoris_id_restaurant` (`restaurant_id`);

--
-- Index pour la table `message`
--
ALTER TABLE `message`
  ADD PRIMARY KEY (`id`),
  ADD KEY `utilisateur_id` (`utilisateur_id`);

--
-- Index pour la table `utilisateur`
--
ALTER TABLE `utilisateur`
  ADD PRIMARY KEY (`ID`);

--
-- AUTO_INCREMENT pour les tables déchargées
--

--
-- AUTO_INCREMENT pour la table `donneecrous`
--
ALTER TABLE `donneecrous`
  MODIFY `ID` int(11) NOT NULL AUTO_INCREMENT, AUTO_INCREMENT=876;

--
-- AUTO_INCREMENT pour la table `favoris`
--
ALTER TABLE `favoris`
  MODIFY `id` int(11) NOT NULL AUTO_INCREMENT, AUTO_INCREMENT=35;

--
-- AUTO_INCREMENT pour la table `message`
--
ALTER TABLE `message`
  MODIFY `id` int(11) NOT NULL AUTO_INCREMENT, AUTO_INCREMENT=30;

--
-- AUTO_INCREMENT pour la table `utilisateur`
--
ALTER TABLE `utilisateur`
  MODIFY `ID` int(11) NOT NULL AUTO_INCREMENT, AUTO_INCREMENT=21;

--
-- Contraintes pour les tables déchargées
--

--
-- Contraintes pour la table `favoris`
--
ALTER TABLE `favoris`
  ADD CONSTRAINT `favoris_ibfk_1` FOREIGN KEY (`user_id`) REFERENCES `utilisateur` (`ID`),
  ADD CONSTRAINT `fk_favoris_id_restaurant` FOREIGN KEY (`restaurant_id`) REFERENCES `donneecrous` (`ID`);

--
-- Contraintes pour la table `message`
--
ALTER TABLE `message`
  ADD CONSTRAINT `message_ibfk_1` FOREIGN KEY (`utilisateur_id`) REFERENCES `utilisateur` (`ID`);
COMMIT;

/*!40101 SET CHARACTER_SET_CLIENT=@OLD_CHARACTER_SET_CLIENT */;
/*!40101 SET CHARACTER_SET_RESULTS=@OLD_CHARACTER_SET_RESULTS */;
/*!40101 SET COLLATION_CONNECTION=@OLD_COLLATION_CONNECTION */;
